0.016000 0.000000 0.000000 0.000000 -0.000000 0.000000 -0.000000 1.000000
0.396059 -0.245564 -0.007362 0.969352 -0.000519 0.008645 0.001180 0.999962
0.042226 -0.879338 0.682667 1.318910 0.016680 0.025099 0.000118 0.999546
0.042679 -0.449236 0.657221 2.221331 0.018339 0.023463 0.002695 0.999553
0.043218 -0.372487 0.649403 3.218351 0.019610 0.024891 0.002969 0.999493
0.043283 -0.154419 0.467007 4.177089 0.018567 0.019216 0.002852 0.999639
0.041255 -0.789977 0.904011 4.813559 0.030504 0.025331 0.004241 0.999205
0.040786 -0.898303 0.798476 5.802057 0.029980 0.019118 0.003665 0.999361
0.041230 -0.599845 0.698556 6.751235 0.029557 0.005570 0.001205 0.999547
0.043769 -0.423429 0.545894 7.723640 0.029798 -0.008805 -0.001712 0.999516
0.039456 -0.670392 0.479077 8.690359 0.029839 -0.016701 -0.002280 0.999413
0.040377 -0.731861 0.390794 9.684556 0.029243 -0.026741 -0.001765 0.999213
0.040738 -0.775808 0.382996 10.683559 0.029551 -0.036964 -0.001763 0.998878
0.043749 -0.957278 0.310844 11.664305 0.028935 -0.044237 -0.002676 0.998598
0.046183 -1.268819 0.279072 12.614007 0.027968 -0.051875 -0.001005 0.998261
0.041006 -1.412540 0.233930 13.602595 0.027928 -0.059363 -0.000411 0.997846
0.041489 -1.733611 0.149608 14.545888 0.027955 -0.065063 0.000575 0.997489
0.042904 -2.075470 0.033291 15.478413 0.028520 -0.067819 0.002182 0.997288
0.041629 -2.438726 -0.035600 16.407552 0.029340 -0.071046 0.001852 0.997040
0.044532 -2.705998 -0.074696 17.370380 0.030740 -0.074930 0.002254 0.996712
0.041342 -3.011372 -0.125687 18.321246 0.032438 -0.079165 0.003724 0.996327
0.043518 -2.843471 -0.094538 19.306558 0.034402 -0.086545 0.005146 0.995641
0.043676 -3.068024 -0.176546 20.277563 0.034591 -0.089791 0.007780 0.995329
0.041077 -3.397665 -0.221946 21.220577 0.036185 -0.093688 0.008551 0.994907
0.041486 -3.749604 -0.315914 22.151871 0.038289 -0.097712 0.005985 0.994460
0.042818 -3.986203 -0.422974 23.117562 0.039845 -0.099765 0.003096 0.994208
0.046044 -4.205500 -0.459617 24.092532 0.040996 -0.105125 0.005159 0.993600
0.042626 -4.547206 -0.455872 25.032331 0.043052 -0.110471 0.008909 0.992906
0.044554 -4.483866 -0.544447 26.026385 0.044704 -0.117692 0.007459 0.992015
0.046394 -4.673381 -0.658544 27.001611 0.046873 -0.121406 0.005505 0.991480
0.042831 -4.926167 -0.782427 27.961169 0.049057 -0.125479 0.005224 0.990869
0.048894 -5.295016 -0.899525 28.883253 0.052028 -0.127368 0.005022 0.990477
0.047601 -5.616188 -0.939446 29.829432 0.057157 -0.129442 0.004080 0.989930
0.047867 -5.715486 -1.104837 30.810649 0.061343 -0.133040 0.003226 0.989205
0.053287 -5.857961 -1.218847 31.793859 0.066429 -0.135217 0.000947 0.988586
0.060629 -6.161268 -1.343306 32.738589 0.070372 -0.137226 -0.000630 0.988037
0.047121 -6.496867 -1.454773 33.673976 0.074782 -0.139382 -0.002598 0.987407
0.050230 -6.815680 -1.597315 34.611014 0.077788 -0.142249 -0.002910 0.986765
0.048868 -6.579769 -1.787620 35.563972 0.081571 -0.153828 -0.007594 0.984696
0.044816 -6.989609 -1.981686 36.455246 0.082438 -0.155521 -0.008913 0.984346
0.045900 -7.235752 -2.158351 37.408243 0.082885 -0.158933 -0.008516 0.983767
0.047351 -7.695855 -2.316828 38.281851 0.082323 -0.161146 -0.009188 0.983448
0.043290 -8.107976 -2.462187 39.181310 0.081412 -0.164161 -0.008946 0.983028
0.043123 -8.416467 -2.623081 40.118831 0.081330 -0.168273 -0.010346 0.982325
0.041933 -8.783159 -2.740360 41.041752 0.080211 -0.173206 -0.009740 0.981566
0.044279 -9.053451 -2.887223 41.993263 0.076401 -0.177612 -0.008670 0.981092
0.044094 -9.451667 -3.040006 42.897742 0.073884 -0.182524 -0.008720 0.980383
0.041751 -9.906265 -3.138890 43.782933 0.071369 -0.186907 -0.007555 0.979753
0.042590 -10.369813 -3.302974 44.653679 0.071105 -0.191033 -0.009652 0.978957
0.043047 -10.116392 -3.618369 45.568175 0.069802 -0.206540 -0.015542 0.975821
0.041898 -10.606682 -3.744045 46.430626 0.069040 -0.210441 -0.015716 0.975039
0.045879 -11.151562 -3.875265 47.258809 0.068082 -0.213842 -0.016689 0.974350
0.044811 -11.586265 -3.991842 48.151806 0.069073 -0.218663 -0.019258 0.973162
0.043616 -12.023762 -4.146283 49.037663 0.066947 -0.222732 -0.020077 0.972371
0.043883 -12.431107 -4.255497 49.944384 0.063433 -0.227669 -0.018891 0.971487
0.045520 -12.899295 -4.467853 50.802117 0.064866 -0.230384 -0.026751 0.970567
0.045108 -13.454983 -4.560912 51.628283 0.063294 -0.233913 -0.024270 0.969891
0.044582 -13.957506 -4.651476 52.488091 0.061921 -0.237565 -0.022260 0.969140
0.042864 -14.405435 -4.758726 53.375703 0.063102 -0.241556 -0.024094 0.968033
0.043510 -14.726870 -4.893814 54.312950 0.061569 -0.246105 -0.022421 0.967026
0.041124 -15.257185 -5.003455 55.153631 0.061468 -0.248394 -0.021896 0.966459
0.039658 -15.808741 -5.074356 55.984750 0.060744 -0.250958 -0.018717 0.965909
0.043353 -16.304468 -5.194272 56.844910 0.061123 -0.252368 -0.019373 0.965505
0.040109 -16.739318 -5.346890 57.732386 0.062834 -0.252937 -0.023351 0.965158
0.041063 -17.215084 -5.514864 58.595770 0.062717 -0.252280 -0.026118 0.965266
0.041195 -17.833255 -5.582003 59.378941 0.061087 -0.252442 -0.021800 0.965436
0.042098 -18.427265 -5.679776 60.177434 0.062729 -0.251375 -0.023122 0.965578
0.039713 -18.916482 -5.835798 61.035527 0.064138 -0.251634 -0.025281 0.965364
0.039081 -19.514692 -5.931364 61.831148 0.062328 -0.252467 -0.023741 0.965304
0.040397 -19.518587 -6.094948 62.817670 0.059440 -0.259192 -0.022805 0.963725
0.044380 -20.032878 -6.221606 63.665882 0.055162 -0.262369 -0.020540 0.963171
0.040296 -20.582631 -6.325081 64.494775 0.054116 -0.265505 -0.020817 0.962364
0.040804 -21.056524 -6.462570 65.364558 0.056379 -0.270830 -0.022264 0.960717
0.040674 -21.335328 -6.533282 66.322299 0.058026 -0.280807 -0.020098 0.957798
0.040949 -21.973262 -6.599886 67.089504 0.057024 -0.285840 -0.018070 0.956408
0.039668 -22.598267 -6.684741 67.865499 0.054130 -0.290629 -0.018089 0.955132
0.040862 -23.082480 -6.770781 68.736209 0.054323 -0.296289 -0.022201 0.953294
0.042037 -23.611892 -6.861080 69.579754 0.055933 -0.300078 -0.023082 0.951994
0.042166 -24.239323 -6.974076 70.350184 0.057307 -0.302885 -0.021637 0.951057
0.044255 -24.818319 -7.057939 71.161190 0.061274 -0.305509 -0.021883 0.949964
0.044436 -25.670245 -7.055248 70.637533 0.056232 -0.280114 -0.012752 0.958233
0.040417 -26.128190 -7.189381 71.516336 0.055062 -0.283404 -0.014742 0.957305
0.041556 -26.834369 -7.280532 72.218477 0.051543 -0.284757 -0.014511 0.957103
0.039382 -27.364328 -7.379066 73.060757 0.050514 -0.287942 -0.015042 0.956196
0.041160 -27.997151 -7.488081 73.827340 0.050429 -0.289284 -0.015040 0.955796
0.042103 -28.531295 -7.608777 74.664073 0.050677 -0.293595 -0.014114 0.954481
0.042868 -29.191217 -7.673925 75.412578 0.051699 -0.296325 -0.012446 0.953606
0.041570 -29.803681 -7.782354 76.195605 0.052323 -0.298357 -0.013242 0.952927
0.041469 -30.474021 -7.846397 76.934890 0.051685 -0.301327 -0.011624 0.952048
1.649565 -30.853504 -7.976042 77.850960 0.052997 -0.308738 -0.014415 0.949560
0.042872 -31.476090 -8.098641 78.623848 0.053702 -0.312322 -0.015469 0.948331
0.040537 -32.118915 -8.226834 79.379058 0.054275 -0.315226 -0.016715 0.947316
0.040510 -32.787603 -8.324988 80.116095 0.056488 -0.318673 -0.018728 0.945995
0.039883 -33.441617 -8.449992 80.862178 0.056451 -0.321964 -0.018949 0.944877
0.043792 -34.022887 -8.593029 81.663218 0.059804 -0.325964 -0.023122 0.943205
0.043137 -34.706161 -8.709830 82.383977 0.059773 -0.329573 -0.023122 0.941952
0.042655 -35.381134 -8.803518 83.115847 0.059298 -0.333795 -0.023217 0.940492
0.045699 -36.143614 -8.820484 83.762637 0.059428 -0.337672 -0.019456 0.939185
0.044871 -36.786369 -8.986541 84.510494 0.059877 -0.340629 -0.020525 0.938065
0.044151 -37.474001 -9.110996 85.225808 0.059874 -0.345093 -0.019692 0.936450
0.043911 -38.097965 -9.298430 85.984450 0.062175 -0.348244 -0.025726 0.934986
0.043070 -38.519538 -9.393557 86.886241 0.062461 -0.355788 -0.026189 0.932109
0.045106 -39.250125 -9.540574 86.219437 0.044347 -0.280607 -0.027245 0.958411
0.042619 -39.758762 -9.613153 87.077354 0.045629 -0.285616 -0.027070 0.956875
0.043571 -40.336386 -9.636844 87.893312 0.044107 -0.290398 -0.020851 0.955661
0.041838 -40.862061 -9.721760 88.739749 0.045700 -0.294516 -0.020720 0.954328
0.041950 -41.522220 -9.802813 89.486489 0.045691 -0.296854 -0.020931 0.953600
0.040894 -42.120342 -9.891777 90.282941 0.044378 -0.299938 -0.020350 0.952709
0.043982 -42.573549 -9.950990 91.172377 0.042472 -0.304218 -0.017160 0.951501
0.044223 -43.241143 -10.059168 91.909003 0.044432 -0.306686 -0.020460 0.950553
0.042552 -43.855470 -10.129545 92.694909 0.043570 -0.309935 -0.018975 0.949569
0.044291 -44.468419 -10.178371 93.483521 0.043216 -0.312821 -0.017798 0.948661
0.046468 -45.097141 -10.245294 94.258266 0.043286 -0.314643 -0.017551 0.948060
0.050767 -45.874610 -10.281244 94.886159 0.042934 -0.315382 -0.013397 0.947898
0.045407 -46.520697 -10.388695 95.641822 0.043222 -0.317132 -0.010862 0.947334
0.041351 -47.050265 -10.475956 96.485589 0.043620 -0.321466 -0.009265 0.945871
0.045241 -47.778519 -10.579073 97.163095 0.041687 -0.324285 -0.005651 0.945023
0.040490 -48.375370 -10.676203 97.959546 0.040304 -0.329383 -0.002405 0.943333
0.042972 -48.944989 -10.808950 98.770664 0.039384 -0.335424 -0.002923 0.941239
0.039625 -49.619880 -10.875747 99.505552 0.038231 -0.340347 -0.003299 0.939517
0.042405 -50.297030 -10.978252 100.234222 0.037062 -0.345469 -0.002604 0.937694
0.041792 -51.019977 -11.070490 100.918941 0.038227 -0.349869 -0.003543 0.936012
0.042028 -51.727458 -11.148602 101.621343 0.037682 -0.355563 -0.002272 0.933890
0.042828 -52.364697 -11.277170 102.381209 0.038275 -0.360971 -0.003955 0.931783
0.042667 -53.048393 -11.366341 103.105508 0.037952 -0.366454 -0.003828 0.929654
0.042025 -53.693700 -11.519351 103.853951 0.036359 -0.372626 -0.004535 0.927258
0.040807 -54.387824 -11.575816 104.571589 0.037045 -0.378438 -0.005128 0.924871
0.042042 -55.070490 -11.724649 105.287002 0.038995 -0.383898 -0.008729 0.922511
0.040751 -55.746747 -11.812429 106.018419 0.039873 -0.389977 -0.009578 0.919911
0.044864 -56.450675 -11.920068 106.720487 0.040833 -0.395485 -0.010630 0.917503
0.042874 -57.132653 -11.943388 107.451487 0.040086 -0.401596 -0.007861 0.914906
0.040811 -57.883301 -12.024004 108.107254 0.038822 -0.406643 -0.008664 0.912721
0.041908 -58.680793 -12.077075 108.708244 0.038022 -0.409693 -0.008681 0.911389
0.040776 -59.413837 -12.125919 109.386670 0.037992 -0.414012 -0.008547 0.909438
0.042613 -60.150889 -12.200254 110.058404 0.037476 -0.418809 -0.005394 0.907285
0.042495 -60.951258 -12.227512 110.657292 0.038329 -0.421730 -0.001876 0.905909
0.043919 -61.698629 -12.356696 111.309019 0.039220 -0.424231 -0.002744 0.904700
0.046832 -62.482574 -12.406966 111.927811 0.039044 -0.427763 0.000989 0.903047
0.048254 -63.192667 -12.570003 112.612784 0.038516 -0.430716 -0.000862 0.901665
0.044604 -63.964740 -12.711842 113.232287 0.036470 -0.433084 -0.003192 0.900610
0.045329 -64.667652 -12.904529 113.916967 0.033432 -0.435833 -0.006399 0.899384
0.044919 -65.390165 -12.988943 114.603152 0.031874 -0.439171 -0.005390 0.897822
0.045641 -66.046216 -13.051972 115.355232 0.030837 -0.443097 -0.005061 0.895929
0.046910 -66.777119 -13.178111 116.025954 0.028791 -0.445956 -0.006404 0.894569
0.051304 -67.665080 -13.146141 115.567147 0.027887 -0.413461 -0.003090 0.910089
0.048806 -68.501574 -13.142528 116.115111 0.027938 -0.412645 -0.000550 0.910463
0.087318 -69.241636 -13.232191 116.781646 0.026816 -0.414173 -0.000375 0.909803
0.057997 -69.985981 -13.254072 117.449082 0.025998 -0.415439 -0.000061 0.909249
0.050513 -70.802764 -13.354700 118.017184 0.024284 -0.414480 -0.000137 0.909734
0.050516 -71.597035 -13.445154 118.617977 0.023919 -0.414022 -0.001472 0.909951
0.057996 -72.408768 -13.628510 119.172477 0.022166 -0.412860 -0.003699 0.910517
0.055005 -73.227150 -13.691905 119.743643 0.022379 -0.411446 -0.003067 0.911154
0.111284 -73.825285 -13.787458 120.539322 0.023055 -0.414739 -0.004946 0.909635
0.112468 -74.819894 -13.688346 120.569842 0.027290 -0.396200 -0.002630 0.917755
0.104564 -75.539938 -13.801667 121.254455 0.027142 -0.394171 -0.003766 0.918629
0.125962 -76.424307 -13.965849 121.691416 0.025417 -0.386190 -0.003839 0.922061
0.093925 -77.060652 -14.089987 122.452767 0.024305 -0.385837 -0.004808 0.922234
0.072685 -77.997867 -14.115827 122.800560 0.024978 -0.368836 -0.002923 0.929154
0.071532 -78.811256 -14.188756 123.377691 0.024388 -0.359217 -0.003542 0.932929
0.065915 -79.358837 -14.314669 124.204916 0.023117 -0.357886 -0.006032 0.933460
0.050277 -79.806045 -14.393236 125.095889 0.022730 -0.358979 -0.007602 0.933038
0.053962 -80.249891 -14.439318 125.990806 0.024664 -0.360150 -0.008507 0.932529
0.052062 -80.741985 -14.427250 126.861264 0.029486 -0.359407 -0.009972 0.932662
0.048861 -81.572765 -14.476813 127.415653 0.031093 -0.347241 -0.007026 0.937234
0.053333 -82.115055 -14.537071 128.253682 0.031592 -0.345208 -0.007491 0.937964
0.076298 -82.609873 -14.588269 129.121169 0.032495 -0.342510 -0.009504 0.938904
0.056874 -83.442464 -14.648307 129.671793 0.031835 -0.325941 -0.009346 0.944808
0.051956 -84.253884 -14.732403 130.250175 0.030852 -0.309829 -0.009266 0.950246
0.055774 -84.852890 -14.733899 131.050918 0.033258 -0.303734 -0.010271 0.952121
0.057068 -85.561130 -14.750782 131.756688 0.035548 -0.291466 -0.010899 0.955858
0.051445 -85.693369 -14.945468 132.728599 0.031971 -0.300982 -0.010989 0.953030
0.051012 -84.973576 -15.064512 133.412504 0.025671 -0.374317 -0.023506 0.926647
0.053144 -85.720612 -15.051593 134.077162 0.025230 -0.369403 -0.029419 0.928461
0.048384 -86.425840 -15.078089 134.785647 0.024058 -0.364680 -0.029243 0.930363
0.043678 -87.089716 -15.123824 135.532090 0.024218 -0.358229 -0.031435 0.932790
0.052055 -87.819473 -15.149098 136.215329 0.025411 -0.350928 -0.031431 0.935530
0.047719 -88.446879 -15.189291 136.992983 0.026887 -0.344739 -0.033025 0.937732
0.045264 -89.060077 -15.233715 137.781663 0.026905 -0.340144 -0.033428 0.939394
0.045716 -89.685736 -15.261460 138.561266 0.026604 -0.333236 -0.035354 0.941805
0.045009 -90.168512 -15.311921 139.435554 0.025833 -0.329862 -0.035769 0.942998
0.042417 -90.758095 -15.347211 140.242491 0.025938 -0.325202 -0.035644 0.944617
0.042758 -91.371728 -15.400502 141.030282 0.026327 -0.320631 -0.036337 0.946141
0.046459 -91.959755 -15.442524 141.838031 0.026609 -0.316505 -0.036583 0.947512
0.045102 -92.553169 -15.452989 142.642861 0.026364 -0.312057 -0.037767 0.948946
0.044169 -93.025347 -15.524301 143.521474 0.025262 -0.309210 -0.039089 0.949854
0.041955 -93.627520 -15.558722 144.319098 0.025435 -0.304475 -0.038902 0.951386
0.043154 -94.275947 -15.598757 145.079322 0.025667 -0.298811 -0.038692 0.953182
0.042094 -94.831510 -15.635495 145.909984 0.026696 -0.293316 -0.040537 0.954783
0.043188 -95.423753 -15.671919 146.714920 0.025871 -0.287043 -0.041739 0.956658
0.040753 -95.943131 -15.715272 147.568363 0.024629 -0.281595 -0.042716 0.958266
0.041019 -96.424794 -15.807929 148.439808 0.024486 -0.274857 -0.044752 0.960131
0.124977 -96.915453 -15.883524 149.307874 0.025399 -0.267762 -0.045844 0.962059
0.113508 -97.390703 -15.925289 150.186733 0.026595 -0.260847 -0.045872 0.963923
0.112047 -97.817046 -15.965276 151.090411 0.026716 -0.254143 -0.045266 0.965737
0.060908 -98.330383 -16.008738 151.947496 0.026799 -0.246646 -0.045628 0.967660
0.063135 -98.768740 -16.020019 152.846227 0.026216 -0.238641 -0.046773 0.969626
0.061686 -99.283452 -16.037052 153.703421 0.025752 -0.229588 -0.047112 0.971806
0.061385 -99.770903 -16.112853 154.573274 0.024179 -0.221679 -0.047161 0.973678
0.047473 -100.363265 -16.132109 155.378716 0.023803 -0.212908 -0.046969 0.975652
0.043420 -100.774696 -16.162535 156.289649 0.023141 -0.206550 -0.044902 0.977131
0.046526 -101.533116 -16.162693 156.941416 0.024015 -0.192443 -0.045608 0.979953
0.042073 -101.881529 -16.208329 157.877645 0.024294 -0.185864 -0.045340 0.981228
0.041074 -102.877362 -16.298651 157.865079 0.021572 -0.162253 -0.045191 0.985478
0.039931 -103.270714 -16.316153 158.784301 0.022092 -0.155547 -0.044987 0.986556
0.038881 -103.676187 -16.345176 159.697947 0.022552 -0.148191 -0.044458 0.987701
0.043957 -103.882883 -16.387930 160.675418 0.023292 -0.143575 -0.042732 0.988442
0.041525 -104.301677 -16.431537 161.582452 0.024023 -0.137456 -0.042954 0.989284
0.039090 -104.625521 -16.430220 162.528561 0.024686 -0.133177 -0.042295 0.989882
0.042109 -104.943864 -16.460237 163.476061 0.023551 -0.128935 -0.042497 0.990462
0.039504 -105.248565 -16.518315 164.426737 0.021701 -0.124322 -0.043661 0.991043
0.040837 -105.433584 -16.502920 165.409351 0.021040 -0.120537 -0.043146 0.991548
0.048295 -105.638226 -16.516901 166.388088 0.020405 -0.117590 -0.043461 0.991901
0.041339 -106.109197 -16.533307 167.270085 0.020042 -0.108646 -0.044473 0.992883
0.041464 -106.247087 -16.490490 168.259606 0.019286 -0.105767 -0.042897 0.993278
0.038574 -106.459536 -16.571807 169.233389 0.018201 -0.101750 -0.043620 0.993687
0.041337 -106.641589 -16.624924 170.215242 0.017636 -0.097476 -0.044267 0.994096
0.038560 -106.867240 -16.674457 171.188190 0.017803 -0.092509 -0.044333 0.994565
0.039462 -107.072586 -16.750950 172.163886 0.017993 -0.087689 -0.043993 0.995013
0.040551 -107.384759 -16.796091 173.112838 0.019110 -0.080766 -0.043704 0.995591
0.041640 -107.516216 -16.789682 174.104139 0.021073 -0.075321 -0.041396 0.996077
0.043047 -107.611318 -16.836250 175.098517 0.021801 -0.069308 -0.042261 0.996461
0.041321 -107.724172 -16.897329 176.090249 0.021503 -0.060551 -0.044478 0.996942
0.041339 -107.804232 -16.931356 177.086458 0.021015 -0.051495 -0.045521 0.997414
0.043350 -108.622908 -16.754662 177.632855 0.023527 -0.028814 -0.045968 0.998250
0.045277 -108.490942 -16.926366 178.609125 0.023026 -0.017980 -0.047355 0.998451
0.040466 -108.562602 -17.014700 179.602635 0.022344 -0.006890 -0.049092 0.998521
0.039521 -108.560619 -17.090987 180.599719 0.020995 0.004267 -0.049743 0.998532
0.045580 -108.648114 -17.138582 181.594746 0.019793 0.017384 -0.051401 0.998331
0.041984 -108.316288 -17.312013 182.522008 0.017623 0.027005 -0.051714 0.998141
0.040622 -108.253780 -17.375234 183.518048 0.016326 0.038058 -0.052711 0.997751
0.045876 -107.428048 -17.669680 183.999158 0.009628 0.020606 -0.056236 0.998158
0.040588 -107.348675 -17.732557 184.994018 0.010539 0.031236 -0.056269 0.997871
0.044472 -108.262190 -17.633810 185.388656 0.013330 0.064701 -0.052977 0.996408
0.042764 -109.203400 -17.358413 185.584312 0.021340 0.111043 -0.049359 0.992360
0.042496 -108.933525 -17.432233 186.544373 0.020558 0.120281 -0.048805 0.991326
0.041757 -108.615933 -17.514495 187.489026 0.020150 0.129276 -0.049403 0.990172
0.042083 -108.502991 -17.524744 188.482575 0.020916 0.139964 -0.049417 0.988701
0.043748 -108.157868 -17.588764 189.418946 0.021009 0.149444 -0.049194 0.987322
0.042497 -107.878672 -17.649669 190.377247 0.021322 0.159520 -0.048996 0.985748
0.045132 -107.489334 -17.777430 191.289438 0.021586 0.169525 -0.049702 0.984035
0.040590 -106.999931 -17.935008 192.147141 0.022451 0.178104 -0.049900 0.982489
0.041986 -106.695101 -18.027753 193.095021 0.023616 0.186790 -0.050080 0.980838
0.042000 -106.400096 -18.226766 194.029562 0.023976 0.197992 -0.050419 0.978612
0.057536 -105.969576 -18.384417 194.918268 0.025057 0.206674 -0.050621 0.976778
0.147392 -105.553341 -18.505550 195.819420 0.027307 0.215826 -0.051156 0.974709
0.108909 -105.007847 -18.715148 196.630903 0.030146 0.223197 -0.051656 0.972937
0.053999 -104.558395 -18.775584 197.522161 0.033085 0.231338 -0.052447 0.970895
0.055560 -104.160197 -18.922571 198.427607 0.034732 0.239908 -0.053209 0.968714
0.049877 -103.541679 -19.152339 199.179034 0.034994 0.247873 -0.054683 0.966615
0.040762 -103.055718 -19.289839 200.042131 0.034794 0.256587 -0.054666 0.964346
0.043992 -102.736446 -19.472311 200.972060 0.034622 0.266697 -0.054581 0.961611
0.043726 -102.616327 -19.443595 201.964404 0.038706 0.278314 -0.054277 0.958174
0.045100 -102.009249 -19.669327 202.726311 0.039886 0.285734 -0.054968 0.955899
0.042403 -101.569661 -19.759487 203.619974 0.040845 0.294719 -0.054653 0.953145
0.040004 -101.231736 -19.910568 204.548942 0.040541 0.304691 -0.055331 0.949978
0.039753 -100.646573 -20.063574 205.345292 0.041780 0.312872 -0.056306 0.947204
0.040061 -100.070554 -20.308359 206.125217 0.043313 0.321455 -0.055597 0.944299
0.039851 -99.523803 -20.363270 206.960709 0.044917 0.331189 -0.056589 0.940794
0.039246 -98.868679 -20.492475 207.705101 0.048153 0.338842 -0.055972 0.937942
0.042163 -98.285799 -20.678682 208.496036 0.050547 0.348580 -0.056516 0.934207
0.041166 -97.621448 -20.857027 209.221867 0.051530 0.358827 -0.057411 0.930210
0.045352 -96.904297 -20.976032 209.908549 0.051960 0.369722 -0.057899 0.925880
0.004557 0.000000 0.000000 0.000000 -0.000000 0.000000 -0.000000 1.000000
0.179865 -0.245564 -0.007362 0.969352 -0.000519 0.008645 0.001180 0.999962
0.042735 -0.879338 0.682667 1.318910 0.016680 0.025099 0.000118 0.999546
0.042971 -0.449236 0.657221 2.221331 0.018339 0.023463 0.002695 0.999553
0.042014 -0.372487 0.649403 3.218351 0.019610 0.024891 0.002969 0.999493
0.040578 -0.154419 0.467007 4.177089 0.018567 0.019216 0.002852 0.999639
0.043917 -0.789977 0.904011 4.813559 0.030504 0.025331 0.004241 0.999205
0.039995 -0.898303 0.798476 5.802057 0.029980 0.019118 0.003665 0.999361
0.040310 -0.599845 0.698556 6.751235 0.029557 0.005570 0.001205 0.999547
0.041503 -0.423429 0.545894 7.723640 0.029798 -0.008805 -0.001712 0.999516
0.038529 -0.670392 0.479077 8.690359 0.029839 -0.016701 -0.002280 0.999413
0.039287 -0.731861 0.390794 9.684556 0.029243 -0.026741 -0.001765 0.999213
0.040393 -0.775808 0.382996 10.683559 0.029551 -0.036964 -0.001763 0.998878
0.043973 -0.957278 0.310844 11.664305 0.028935 -0.044237 -0.002676 0.998598
0.042654 -1.268819 0.279072 12.614007 0.027968 -0.051875 -0.001005 0.998261
0.039964 -1.412540 0.233930 13.602595 0.027928 -0.059363 -0.000411 0.997846
0.041017 -1.733611 0.149608 14.545888 0.027955 -0.065063 0.000575 0.997489
0.043721 -2.075470 0.033291 15.478413 0.028520 -0.067819 0.002182 0.997288
0.041415 -2.438726 -0.035600 16.407552 0.029340 -0.071046 0.001852 0.997040
0.044895 -2.705998 -0.074696 17.370380 0.030740 -0.074930 0.002254 0.996712
0.040763 -3.011372 -0.125687 18.321246 0.032438 -0.079165 0.003724 0.996327
0.044837 -2.843471 -0.094538 19.306558 0.034402 -0.086545 0.005146 0.995641
0.041697 -3.068024 -0.176546 20.277563 0.034591 -0.089791 0.007780 0.995329
0.041049 -3.397665 -0.221946 21.220577 0.036185 -0.093688 0.008551 0.994907
0.041120 -3.749604 -0.315914 22.151871 0.038289 -0.097712 0.005985 0.994460
0.042923 -3.986203 -0.422974 23.117562 0.039845 -0.099765 0.003096 0.994208
0.046086 -4.205500 -0.459617 24.092532 0.040996 -0.105125 0.005159 0.993600
0.041446 -4.547206 -0.455872 25.032331 0.043052 -0.110471 0.008909 0.992906
0.042636 -4.483866 -0.544447 26.026385 0.044704 -0.117692 0.007459 0.992015
0.044046 -4.673381 -0.658544 27.001611 0.046873 -0.121406 0.005505 0.991480
0.040849 -4.926167 -0.782427 27.961169 0.049057 -0.125479 0.005224 0.990869
0.047457 -5.295016 -0.899525 28.883253 0.052028 -0.127368 0.005022 0.990477
0.045993 -5.616188 -0.939446 29.829432 0.057157 -0.129442 0.004080 0.989930
0.048046 -5.715486 -1.104837 30.810649 0.061343 -0.133040 0.003226 0.989205
0.054315 -5.857961 -1.218847 31.793859 0.066429 -0.135217 0.000947 0.988586
0.061783 -6.161268 -1.343306 32.738589 0.070372 -0.137226 -0.000630 0.988037
0.046695 -6.496867 -1.454773 33.673976 0.074782 -0.139382 -0.002598 0.987407
0.052852 -6.815680 -1.597315 34.611014 0.077788 -0.142249 -0.002910 0.986765
0.050468 -6.579769 -1.787620 35.563972 0.081571 -0.153828 -0.007594 0.984696
0.045278 -6.989609 -1.981686 36.455246 0.082438 -0.155521 -0.008913 0.984346
0.045556 -7.235752 -2.158351 37.408243 0.082885 -0.158933 -0.008516 0.983767
0.044590 -7.695855 -2.316828 38.281851 0.082323 -0.161146 -0.009188 0.983448
0.045216 -8.107976 -2.462187 39.181310 0.081412 -0.164161 -0.008946 0.983028
0.044429 -8.416467 -2.623081 40.118831 0.081330 -0.168273 -0.010346 0.982325
0.043310 -8.783159 -2.740360 41.041752 0.080211 -0.173206 -0.009740 0.981566
0.043168 -9.053451 -2.887223 41.993263 0.076401 -0.177612 -0.008670 0.981092
0.044484 -9.451667 -3.040006 42.897742 0.073884 -0.182524 -0.008720 0.980383
0.042810 -9.906265 -3.138890 43.782933 0.071369 -0.186907 -0.007555 0.979753
0.043215 -10.369813 -3.302974 44.653679 0.071105 -0.191033 -0.009652 0.978957
0.043972 -10.116392 -3.618369 45.568175 0.069802 -0.206540 -0.015542 0.975821
0.040610 -10.606682 -3.744045 46.430626 0.069040 -0.210441 -0.015716 0.975039
0.042292 -11.151562 -3.875265 47.258809 0.068082 -0.213842 -0.016689 0.974350
0.043104 -11.586265 -3.991842 48.151806 0.069073 -0.218663 -0.019258 0.973162
0.042550 -12.023762 -4.146283 49.037663 0.066947 -0.222732 -0.020077 0.972371
0.043334 -12.431107 -4.255497 49.944384 0.063433 -0.227669 -0.018891 0.971487
0.043017 -12.899295 -4.467853 50.802117 0.064866 -0.230384 -0.026751 0.970567
0.045038 -13.454983 -4.560912 51.628283 0.063294 -0.233913 -0.024270 0.969891
0.046861 -13.957506 -4.651476 52.488091 0.061921 -0.237565 -0.022260 0.969140
0.043213 -14.405435 -4.758726 53.375703 0.063102 -0.241556 -0.024094 0.968033
0.041995 -14.726870 -4.893814 54.312950 0.061569 -0.246105 -0.022421 0.967026
0.040843 -15.257185 -5.003455 55.153631 0.061468 -0.248394 -0.021896 0.966459
0.041967 -15.808741 -5.074356 55.984750 0.060744 -0.250958 -0.018717 0.965909
0.040386 -16.304468 -5.194272 56.844910 0.061123 -0.252368 -0.019373 0.965505
0.039694 -16.739318 -5.346890 57.732386 0.062834 -0.252937 -0.023351 0.965158
0.043651 -17.215084 -5.514864 58.595770 0.062717 -0.252280 -0.026118 0.965266
0.049349 -17.833255 -5.582003 59.378941 0.061087 -0.252442 -0.021800 0.965436
0.040459 -18.427265 -5.679776 60.177434 0.062729 -0.251375 -0.023122 0.965578
0.039346 -18.916482 -5.835798 61.035527 0.064138 -0.251634 -0.025281 0.965364
0.039610 -19.514692 -5.931364 61.831148 0.062328 -0.252467 -0.023741 0.965304
0.039705 -19.518587 -6.094948 62.817670 0.059440 -0.259192 -0.022805 0.963725
0.042938 -20.032878 -6.221606 63.665882 0.055162 -0.262369 -0.020540 0.963171
0.040544 -20.582631 -6.325081 64.494775 0.054116 -0.265505 -0.020817 0.962364
0.039972 -21.056524 -6.462570 65.364558 0.056379 -0.270830 -0.022264 0.960717
0.042101 -21.335328 -6.533282 66.322299 0.058026 -0.280807 -0.020098 0.957798
0.041813 -21.973262 -6.599886 67.089504 0.057024 -0.285840 -0.018070 0.956408
0.042526 -22.598267 -6.684741 67.865499 0.054130 -0.290629 -0.018089 0.955132
0.040925 -23.082480 -6.770781 68.736209 0.054323 -0.296289 -0.022201 0.953294
0.042252 -23.611892 -6.861080 69.579754 0.055933 -0.300078 -0.023082 0.951994
0.040054 -24.239323 -6.974076 70.350184 0.057307 -0.302885 -0.021637 0.951057
0.039659 -24.818319 -7.057939 71.161190 0.061274 -0.305509 -0.021883 0.949964
0.041631 -25.670245 -7.055248 70.637533 0.056232 -0.280114 -0.012752 0.958233
0.041534 -26.128190 -7.189381 71.516336 0.055062 -0.283404 -0.014742 0.957305
0.040851 -26.834369 -7.280532 72.218477 0.051543 -0.284757 -0.014511 0.957103
0.040295 -27.364328 -7.379066 73.060757 0.050514 -0.287942 -0.015042 0.956196
0.038563 -27.997151 -7.488081 73.827340 0.050429 -0.289284 -0.015040 0.955796
0.040963 -28.531295 -7.608777 74.664073 0.050677 -0.293595 -0.014114 0.954481
0.040189 -29.191217 -7.673925 75.412578 0.051699 -0.296325 -0.012446 0.953606
0.039740 -29.803681 -7.782354 76.195605 0.052323 -0.298357 -0.013242 0.952927
0.040176 -30.474021 -7.846397 76.934890 0.051685 -0.301327 -0.011624 0.952048
0.040741 -30.853504 -7.976042 77.850960 0.052997 -0.308738 -0.014415 0.949560
0.040633 -31.476090 -8.098641 78.623848 0.053702 -0.312322 -0.015469 0.948331
0.039697 -32.118915 -8.226834 79.379058 0.054275 -0.315226 -0.016715 0.947316
0.040005 -32.787603 -8.324988 80.116095 0.056488 -0.318673 -0.018728 0.945995
0.040627 -33.441617 -8.449992 80.862178 0.056451 -0.321964 -0.018949 0.944877
0.043120 -34.022887 -8.593029 81.663218 0.059804 -0.325964 -0.023122 0.943205
0.041990 -34.706161 -8.709830 82.383977 0.059773 -0.329573 -0.023122 0.941952
0.042443 -35.381134 -8.803518 83.115847 0.059298 -0.333795 -0.023217 0.940492
0.043103 -36.143614 -8.820484 83.762637 0.059428 -0.337672 -0.019456 0.939185
0.041018 -36.786369 -8.986541 84.510494 0.059877 -0.340629 -0.020525 0.938065
0.043948 -37.474001 -9.110996 85.225808 0.059874 -0.345093 -0.019692 0.936450
0.041738 -38.097965 -9.298430 85.984450 0.062175 -0.348244 -0.025726 0.934986
0.042294 -38.519538 -9.393557 86.886241 0.062461 -0.355788 -0.026189 0.932109
0.044777 -39.250125 -9.540574 86.219437 0.044347 -0.280607 -0.027245 0.958411
0.041359 -39.758762 -9.613153 87.077354 0.045629 -0.285616 -0.027070 0.956875
0.041184 -40.336386 -9.636844 87.893312 0.044107 -0.290398 -0.020851 0.955661
0.041124 -40.862061 -9.721760 88.739749 0.045700 -0.294516 -0.020720 0.954328
0.041108 -41.522220 -9.802813 89.486489 0.045691 -0.296854 -0.020931 0.953600
0.043426 -42.120342 -9.891777 90.282941 0.044378 -0.299938 -0.020350 0.952709
0.042029 -42.573549 -9.950990 91.172377 0.042472 -0.304218 -0.017160 0.951501
0.042193 -43.241143 -10.059168 91.909003 0.044432 -0.306686 -0.020460 0.950553
0.041606 -43.855470 -10.129545 92.694909 0.043570 -0.309935 -0.018975 0.949569
0.043472 -44.468419 -10.178371 93.483521 0.043216 -0.312821 -0.017798 0.948661
0.042614 -45.097141 -10.245294 94.258266 0.043286 -0.314643 -0.017551 0.948060
0.049845 -45.874610 -10.281244 94.886159 0.042934 -0.315382 -0.013397 0.947898
0.045697 -46.520697 -10.388695 95.641822 0.043222 -0.317132 -0.010862 0.947334
0.042021 -47.050265 -10.475956 96.485589 0.043620 -0.321466 -0.009265 0.945871
0.042163 -47.778519 -10.579073 97.163095 0.041687 -0.324285 -0.005651 0.945023
0.041880 -48.375370 -10.676203 97.959546 0.040304 -0.329383 -0.002405 0.943333
0.039185 -48.944989 -10.808950 98.770664 0.039384 -0.335424 -0.002923 0.941239
0.043340 -49.619880 -10.875747 99.505552 0.038231 -0.340347 -0.003299 0.939517
0.040870 -50.297030 -10.978252 100.234222 0.037062 -0.345469 -0.002604 0.937694
0.039037 -51.019977 -11.070490 100.918941 0.038227 -0.349869 -0.003543 0.936012
0.043319 -51.727458 -11.148602 101.621343 0.037682 -0.355563 -0.002272 0.933890
0.042377 -52.364697 -11.277170 102.381209 0.038275 -0.360971 -0.003955 0.931783
0.041928 -53.048393 -11.366341 103.105508 0.037952 -0.366454 -0.003828 0.929654
0.042651 -53.693700 -11.519351 103.853951 0.036359 -0.372626 -0.004535 0.927258
0.041008 -54.387824 -11.575816 104.571589 0.037045 -0.378438 -0.005128 0.924871
0.040208 -55.070490 -11.724649 105.287002 0.038995 -0.383898 -0.008729 0.922511
0.040030 -55.746747 -11.812429 106.018419 0.039873 -0.389977 -0.009578 0.919911
0.040028 -56.450675 -11.920068 106.720487 0.040833 -0.395485 -0.010630 0.917503
0.040963 -57.132653 -11.943388 107.451487 0.040086 -0.401596 -0.007861 0.914906
0.042840 -57.883301 -12.024004 108.107254 0.038822 -0.406643 -0.008664 0.912721
0.039841 -58.680793 -12.077075 108.708244 0.038022 -0.409693 -0.008681 0.911389
0.040595 -59.413837 -12.125919 109.386670 0.037992 -0.414012 -0.008547 0.909438
0.042483 -60.150889 -12.200254 110.058404 0.037476 -0.418809 -0.005394 0.907285
0.042126 -60.951258 -12.227512 110.657292 0.038329 -0.421730 -0.001876 0.905909
0.043168 -61.698629 -12.356696 111.309019 0.039220 -0.424231 -0.002744 0.904700
0.044249 -62.482574 -12.406966 111.927811 0.039044 -0.427763 0.000989 0.903047
0.045070 -63.192667 -12.570003 112.612784 0.038516 -0.430716 -0.000862 0.901665
0.043714 -63.964740 -12.711842 113.232287 0.036470 -0.433084 -0.003192 0.900610
0.043380 -64.667652 -12.904529 113.916967 0.033432 -0.435833 -0.006399 0.899384
0.041716 -65.390165 -12.988943 114.603152 0.031874 -0.439171 -0.005390 0.897822
0.042748 -66.046216 -13.051972 115.355232 0.030837 -0.443097 -0.005061 0.895929
0.042791 -66.777119 -13.178111 116.025954 0.028791 -0.445956 -0.006404 0.894569
0.041891 -67.665080 -13.146141 115.567147 0.027887 -0.413461 -0.003090 0.910089
0.042094 -68.501574 -13.142528 116.115111 0.027938 -0.412645 -0.000550 0.910463
0.040449 -69.241636 -13.232191 116.781646 0.026816 -0.414173 -0.000375 0.909803
0.040589 -69.985981 -13.254072 117.449082 0.025998 -0.415439 -0.000061 0.909249
0.040439 -70.802764 -13.354700 118.017184 0.024284 -0.414480 -0.000137 0.909734
0.042203 -71.597035 -13.445154 118.617977 0.023919 -0.414022 -0.001472 0.909951
0.043943 -72.408768 -13.628510 119.172477 0.022166 -0.412860 -0.003699 0.910517
0.042114 -73.227150 -13.691905 119.743643 0.022379 -0.411446 -0.003067 0.911154
0.043231 -73.825285 -13.787458 120.539322 0.023055 -0.414739 -0.004946 0.909635
0.042954 -74.819894 -13.688346 120.569842 0.027290 -0.396200 -0.002630 0.917755
0.044531 -75.539938 -13.801667 121.254455 0.027142 -0.394171 -0.003766 0.918629
0.044323 -76.424307 -13.965849 121.691416 0.025417 -0.386190 -0.003839 0.922061
0.046365 -77.060652 -14.089987 122.452767 0.024305 -0.385837 -0.004808 0.922234
0.049165 -77.997867 -14.115827 122.800560 0.024978 -0.368836 -0.002923 0.929154
0.046944 -78.811256 -14.188756 123.377691 0.024388 -0.359217 -0.003542 0.932929
0.051757 -79.358837 -14.314669 124.204916 0.023117 -0.357886 -0.006032 0.933460
0.049825 -79.806045 -14.393236 125.095889 0.022730 -0.358979 -0.007602 0.933038
0.051202 -80.249891 -14.439318 125.990806 0.024664 -0.360150 -0.008507 0.932529
0.051781 -80.741985 -14.427250 126.861264 0.029486 -0.359407 -0.009972 0.932662
0.048304 -81.572765 -14.476813 127.415653 0.031093 -0.347241 -0.007026 0.937234
0.050093 -82.115055 -14.537071 128.253682 0.031592 -0.345208 -0.007491 0.937964
0.070049 -82.609873 -14.588269 129.121169 0.032495 -0.342510 -0.009504 0.938904
0.055193 -83.442464 -14.648307 129.671793 0.031835 -0.325941 -0.009346 0.944808
0.051574 -84.253884 -14.732403 130.250175 0.030852 -0.309829 -0.009266 0.950246
0.054151 -84.852890 -14.733899 131.050918 0.033258 -0.303734 -0.010271 0.952121
0.047009 -85.561130 -14.750782 131.756688 0.035548 -0.291466 -0.010899 0.955858
0.049200 -85.693369 -14.945468 132.728599 0.031971 -0.300982 -0.010989 0.953030
0.047560 -84.973576 -15.064512 133.412504 0.025671 -0.374317 -0.023506 0.926647
0.047739 -85.720612 -15.051593 134.077162 0.025230 -0.369403 -0.029419 0.928461
0.046216 -86.425840 -15.078089 134.785647 0.024058 -0.364680 -0.029243 0.930363
0.042783 -87.089716 -15.123824 135.532090 0.024218 -0.358229 -0.031435 0.932790
0.044863 -87.819473 -15.149098 136.215329 0.025411 -0.350928 -0.031431 0.935530
0.044868 -88.446879 -15.189291 136.992983 0.026887 -0.344739 -0.033025 0.937732
0.041543 -89.060077 -15.233715 137.781663 0.026905 -0.340144 -0.033428 0.939394
0.043982 -89.685736 -15.261460 138.561266 0.026604 -0.333236 -0.035354 0.941805
0.040969 -90.168512 -15.311921 139.435554 0.025833 -0.329862 -0.035769 0.942998
0.040817 -90.758095 -15.347211 140.242491 0.025938 -0.325202 -0.035644 0.944617
0.041023 -91.371728 -15.400502 141.030282 0.026327 -0.320631 -0.036337 0.946141
0.041034 -91.959755 -15.442524 141.838031 0.026609 -0.316505 -0.036583 0.947512
0.043738 -92.553169 -15.452989 142.642861 0.026364 -0.312057 -0.037767 0.948946
0.042596 -93.025347 -15.524301 143.521474 0.025262 -0.309210 -0.039089 0.949854
0.041437 -93.627520 -15.558722 144.319098 0.025435 -0.304475 -0.038902 0.951386
0.041604 -94.275947 -15.598757 145.079322 0.025667 -0.298811 -0.038692 0.953182
0.041196 -94.831510 -15.635495 145.909984 0.026696 -0.293316 -0.040537 0.954783
0.043016 -95.423753 -15.671919 146.714920 0.025871 -0.287043 -0.041739 0.956658
0.040396 -95.943131 -15.715272 147.568363 0.024629 -0.281595 -0.042716 0.958266
0.040096 -96.424794 -15.807929 148.439808 0.024486 -0.274857 -0.044752 0.960131
0.040511 -96.915453 -15.883524 149.307874 0.025399 -0.267762 -0.045844 0.962059
0.040923 -97.390703 -15.925289 150.186733 0.026595 -0.260847 -0.045872 0.963923
0.038427 -97.817046 -15.965276 151.090411 0.026716 -0.254143 -0.045266 0.965737
0.041078 -98.330383 -16.008738 151.947496 0.026799 -0.246646 -0.045628 0.967660
0.040180 -98.768740 -16.020019 152.846227 0.026216 -0.238641 -0.046773 0.969626
0.039452 -99.283452 -16.037052 153.703421 0.025752 -0.229588 -0.047112 0.971806
0.037564 -99.770903 -16.112853 154.573274 0.024179 -0.221679 -0.047161 0.973678
0.037837 -100.363265 -16.132109 155.378716 0.023803 -0.212908 -0.046969 0.975652
0.038166 -100.774696 -16.162535 156.289649 0.023141 -0.206550 -0.044902 0.977131
0.037020 -101.533116 -16.162693 156.941416 0.024015 -0.192443 -0.045608 0.979953
0.038883 -101.881529 -16.208329 157.877645 0.024294 -0.185864 -0.045340 0.981228
0.039004 -102.877362 -16.298651 157.865079 0.021572 -0.162253 -0.045191 0.985478
0.037615 -103.270714 -16.316153 158.784301 0.022092 -0.155547 -0.044987 0.986556
0.038514 -103.676187 -16.345176 159.697947 0.022552 -0.148191 -0.044458 0.987701
0.038718 -103.882883 -16.387930 160.675418 0.023292 -0.143575 -0.042732 0.988442
0.038340 -104.301677 -16.431537 161.582452 0.024023 -0.137456 -0.042954 0.989284
0.039722 -104.625521 -16.430220 162.528561 0.024686 -0.133177 -0.042295 0.989882
0.038327 -104.943864 -16.460237 163.476061 0.023551 -0.128935 -0.042497 0.990462
0.039180 -105.248565 -16.518315 164.426737 0.021701 -0.124322 -0.043661 0.991043
0.040212 -105.433584 -16.502920 165.409351 0.021040 -0.120537 -0.043146 0.991548
0.041750 -105.638226 -16.516901 166.388088 0.020405 -0.117590 -0.043461 0.991901
0.039725 -106.109197 -16.533307 167.270085 0.020042 -0.108646 -0.044473 0.992883
0.039296 -106.247087 -16.490490 168.259606 0.019286 -0.105767 -0.042897 0.993278
0.037005 -106.459536 -16.571807 169.233389 0.018201 -0.101750 -0.043620 0.993687
0.038449 -106.641589 -16.624924 170.215242 0.017636 -0.097476 -0.044267 0.994096
0.037591 -106.867240 -16.674457 171.188190 0.017803 -0.092509 -0.044333 0.994565
0.038136 -107.072586 -16.750950 172.163886 0.017993 -0.087689 -0.043993 0.995013
0.039000 -107.384759 -16.796091 173.112838 0.019110 -0.080766 -0.043704 0.995591
0.038255 -107.516216 -16.789682 174.104139 0.021073 -0.075321 -0.041396 0.996077
0.038678 -107.611318 -16.836250 175.098517 0.021801 -0.069308 -0.042261 0.996461
0.041544 -107.724172 -16.897329 176.090249 0.021503 -0.060551 -0.044478 0.996942
0.039326 -107.804232 -16.931356 177.086458 0.021015 -0.051495 -0.045521 0.997414
0.039099 -108.622908 -16.754662 177.632855 0.023527 -0.028814 -0.045968 0.998250
0.039513 -108.490942 -16.926366 178.609125 0.023026 -0.017980 -0.047355 0.998451
0.037966 -108.562602 -17.014700 179.602635 0.022344 -0.006890 -0.049092 0.998521
0.036300 -108.560619 -17.090987 180.599719 0.020995 0.004267 -0.049743 0.998532
0.039441 -108.648114 -17.138582 181.594746 0.019793 0.017384 -0.051401 0.998331
0.037995 -108.316288 -17.312013 182.522008 0.017623 0.027005 -0.051714 0.998141
0.038978 -108.253780 -17.375234 183.518048 0.016326 0.038058 -0.052711 0.997751
0.039971 -107.428048 -17.669680 183.999158 0.009628 0.020606 -0.056236 0.998158
0.037647 -107.348675 -17.732557 184.994018 0.010539 0.031236 -0.056269 0.997871
0.037880 -108.262190 -17.633810 185.388656 0.013330 0.064701 -0.052977 0.996408
0.038455 -109.203400 -17.358413 185.584312 0.021340 0.111043 -0.049359 0.992360
0.038277 -108.933525 -17.432233 186.544373 0.020558 0.120281 -0.048805 0.991326
0.037805 -108.615933 -17.514495 187.489026 0.020150 0.129276 -0.049403 0.990172
0.038253 -108.502991 -17.524744 188.482575 0.020916 0.139964 -0.049417 0.988701
0.039022 -108.157868 -17.588764 189.418946 0.021009 0.149444 -0.049194 0.987322
0.037956 -107.878672 -17.649669 190.377247 0.021322 0.159520 -0.048996 0.985748
0.037925 -107.489334 -17.777430 191.289438 0.021586 0.169525 -0.049702 0.984035
0.037281 -106.999931 -17.935008 192.147141 0.022451 0.178104 -0.049900 0.982489
0.037455 -106.695101 -18.027753 193.095021 0.023616 0.186790 -0.050080 0.980838
0.037681 -106.400096 -18.226766 194.029562 0.023976 0.197992 -0.050419 0.978612
0.037774 -105.969576 -18.384417 194.918268 0.025057 0.206674 -0.050621 0.976778
0.036638 -105.553341 -18.505550 195.819420 0.027307 0.215826 -0.051156 0.974709
0.037570 -105.007847 -18.715148 196.630903 0.030146 0.223197 -0.051656 0.972937
0.036848 -104.558395 -18.775584 197.522161 0.033085 0.231338 -0.052447 0.970895
0.038505 -104.160197 -18.922571 198.427607 0.034732 0.239908 -0.053209 0.968714
0.038386 -103.541679 -19.152339 199.179034 0.034994 0.247873 -0.054683 0.966615
0.036879 -103.055718 -19.289839 200.042131 0.034794 0.256587 -0.054666 0.964346
0.036957 -102.736446 -19.472311 200.972060 0.034622 0.266697 -0.054581 0.961611
0.038200 -102.616327 -19.443595 201.964404 0.038706 0.278314 -0.054277 0.958174
0.036558 -102.009249 -19.669327 202.726311 0.039886 0.285734 -0.054968 0.955899
0.037263 -101.569661 -19.759487 203.619974 0.040845 0.294719 -0.054653 0.953145
0.036511 -101.231736 -19.910568 204.548942 0.040541 0.304691 -0.055331 0.949978
0.038331 -100.646573 -20.063574 205.345292 0.041780 0.312872 -0.056306 0.947204
0.038493 -100.070554 -20.308359 206.125217 0.043313 0.321455 -0.055597 0.944299
0.036801 -99.523803 -20.363270 206.960709 0.044917 0.331189 -0.056589 0.940794
0.034817 -98.868679 -20.492475 207.705101 0.048153 0.338842 -0.055972 0.937942
0.036994 -98.285799 -20.678682 208.496036 0.050547 0.348580 -0.056516 0.934207
0.036208 -97.621448 -20.857027 209.221867 0.051530 0.358827 -0.057411 0.930210
0.038124 -96.904297 -20.976032 209.908549 0.051960 0.369722 -0.057899 0.925880
0.038084 -96.764619 -21.140292 210.885027 0.052569 0.388311 -0.058071 0.918193
0.037066 -96.039663 -21.271608 211.561189 0.054095 0.400990 -0.059577 0.912541
0.037307 -95.348766 -21.391465 212.274137 0.056012 0.413950 -0.060651 0.906548
0.038220 -94.615693 -21.564920 212.931798 0.057661 0.426015 -0.059714 0.900900
0.040405 -93.945843 -21.594257 213.673714 0.059659 0.439227 -0.060952 0.894319
0.036771 -93.119940 -21.827095 214.187203 0.061984 0.449755 -0.060055 0.888972
0.041189 -92.237311 -22.241976 213.966205 0.059258 0.449868 -0.058782 0.889186
0.037813 -91.497739 -22.305171 214.636309 0.062193 0.462085 -0.059608 0.882642
0.037676 -90.630275 -22.508466 215.090377 0.062777 0.472030 -0.060357 0.877270
0.041424 -89.775332 -22.702457 215.571459 0.064111 0.482232 -0.059259 0.871682
0.039716 -88.868236 -22.952049 215.910400 0.064774 0.489590 -0.058296 0.867587
0.040895 -87.969052 -23.205006 216.267445 0.065993 0.496467 -0.056891 0.863672
0.038893 -87.039478 -23.442116 216.549703 0.067240 0.503262 -0.056403 0.859665
0.041371 -86.112135 -23.705227 216.815800 0.067977 0.509703 -0.056781 0.855779
0.039071 -85.236354 -23.871433 217.268993 0.068856 0.517830 -0.057526 0.850765
0.041419 -84.335687 -24.039215 217.669802 0.068307 0.525635 -0.058038 0.845975
0.040949 -83.672517 -24.158925 218.408636 0.069629 0.539896 -0.057542 0.836871
0.039374 -82.952811 -24.287296 219.090944 0.069978 0.553978 -0.057683 0.827577
0.038532 -82.585447 -24.236703 220.019644 0.075545 0.580989 -0.058587 0.808277
0.039789 -81.666081 -24.381891 220.385277 0.073987 0.590368 -0.060272 0.801473
0.040246 -80.708692 -24.529235 220.633661 0.074220 0.598396 -0.061792 0.795359
0.040533 -79.779196 -24.817129 220.864212 0.073152 0.606504 -0.063089 0.789190
0.041258 -78.845363 -25.090514 221.094903 0.070544 0.615332 -0.063699 0.782517
0.038677 -77.905493 -25.366022 221.296740 0.067512 0.624490 -0.063520 0.775512
0.038138 -76.963228 -25.595685 221.540446 0.066854 0.634044 -0.061907 0.767911
0.039086 -76.029466 -25.871451 221.768570 0.065337 0.643851 -0.060374 0.759962
0.039920 -75.070105 -26.016356 222.010704 0.068220 0.653068 -0.057931 0.751992
0.040475 -74.914720 -26.136932 222.991172 0.070652 0.692318 -0.050566 0.716343
0.038996 -73.933482 -26.328702 223.011126 0.069876 0.700758 -0.050530 0.708169
0.040485 -72.940725 -26.415637 223.094044 0.074463 0.708562 -0.048609 0.700023
0.039444 -71.951806 -26.524546 222.993159 0.076462 0.715545 -0.047819 0.692721
0.039982 -70.995551 -26.806505 222.915218 0.074566 0.723037 -0.046479 0.685198
0.038906 -70.047620 -27.112578 223.003227 0.072495 0.732060 -0.045593 0.675835
0.038879 -69.067019 -27.279044 222.899729 0.074281 0.738700 -0.047000 0.668278
0.041620 -68.075504 -27.405951 222.871587 0.077957 0.745536 -0.050469 0.659963
0.039788 -67.117903 -27.592935 222.652413 0.078333 0.751487 -0.054637 0.652799
0.040529 -66.172517 -27.844819 222.445529 0.076675 0.757918 -0.056774 0.645336
0.038033 -65.220241 -28.038580 222.209678 0.075657 0.763859 -0.057791 0.638323
0.041143 -64.259859 -28.283794 222.077253 0.073073 0.770838 -0.058100 0.630153
0.040149 -63.295295 -28.462112 221.882782 0.072238 0.776861 -0.058636 0.622760
0.040230 -62.350738 -28.693879 221.650195 0.070325 0.782915 -0.058047 0.615410
0.038418 -61.403622 -28.872385 221.383536 0.069858 0.788384 -0.058589 0.608389
0.038821 -60.450746 -29.057478 221.143186 0.070353 0.794002 -0.058731 0.600968
0.038796 -59.519444 -29.239407 220.827627 0.069128 0.799534 -0.061219 0.593481
0.039005 -58.561460 -29.406716 220.594658 0.070502 0.805092 -0.061445 0.585731
0.042716 -57.637927 -29.615184 220.272745 0.069341 0.809533 -0.059975 0.579872
0.041136 -56.709769 -29.852629 219.986138 0.068068 0.814477 -0.057788 0.573285
0.041045 -55.787916 -30.090036 219.679831 0.067860 0.818420 -0.054091 0.568029
0.042285 -54.857576 -30.266276 219.358261 0.067162 0.822141 -0.052481 0.562867
0.040278 -53.921892 -30.465430 219.067001 0.069599 0.824931 -0.050202 0.558680
0.040549 -53.022874 -30.650017 218.669893 0.070802 0.826782 -0.050336 0.555774
0.039747 -52.102248 -30.883656 218.357066 0.071316 0.828706 -0.049831 0.552882
0.039509 -51.192382 -31.104817 218.006022 0.073046 0.829770 -0.050187 0.551024
0.040229 -50.336319 -31.256741 217.511982 0.076218 0.829814 -0.053015 0.550262
0.043452 -49.452163 -31.446454 217.085043 0.077102 0.830289 -0.052609 0.549461
0.038858 -48.547919 -31.620040 216.694902 0.074786 0.831610 -0.049500 0.548071
0.041773 -47.644991 -31.809123 216.308937 0.072267 0.832569 -0.045002 0.547341
0.044866 -46.806173 -31.968519 215.788382 0.070836 0.830690 -0.044385 0.550424
0.042855 -45.880180 -32.180466 215.475947 0.071053 0.831172 -0.044997 0.549619
0.044430 -44.970250 -32.367546 215.105775 0.074843 0.830458 -0.043069 0.550348
0.041662 -44.052515 -32.572386 214.765474 0.074112 0.830053 -0.044721 0.550925
0.048035 -43.179603 -32.740033 214.307305 0.072351 0.827947 -0.047535 0.554084
0.045694 -42.277160 -32.928890 213.920098 0.069824 0.827291 -0.051487 0.555034
0.042650 -41.364585 -33.093636 213.545844 0.069508 0.825789 -0.053582 0.557109
0.046803 -40.449148 -33.279903 213.189082 0.069202 0.824440 -0.054210 0.559081
0.048676 -39.538647 -33.427909 212.802971 0.069214 0.822000 -0.055315 0.562553
0.045499 -38.621542 -33.591054 212.439237 0.068384 0.820130 -0.056142 0.565295
0.051516 -37.782513 -33.715193 211.909502 0.069116 0.817255 -0.055815 0.569388
0.044321 -36.877327 -33.849714 211.506336 0.069025 0.815068 -0.057744 0.572334
0.043786 -35.976950 -34.053493 211.121894 0.068217 0.812210 -0.057322 0.576521
0.042612 -35.032914 -34.256540 210.861956 0.067283 0.810636 -0.057611 0.578812
0.041554 -34.090722 -34.441057 210.582263 0.066879 0.808711 -0.056181 0.581684
0.042009 -33.147818 -34.618593 210.300460 0.066582 0.807101 -0.056475 0.583922
0.043449 -32.198490 -34.805614 210.047876 0.066378 0.805425 -0.057101 0.586195
0.042103 -31.260179 -34.960927 209.738924 0.067595 0.803054 -0.059002 0.589112
0.043552 -30.303428 -35.192762 209.563197 0.067025 0.802021 -0.059760 0.590507
0.043213 -29.371662 -35.396213 209.262499 0.065837 0.800014 -0.062254 0.593100
0.046763 -28.420574 -35.641364 209.074528 0.064554 0.798517 -0.062915 0.595185
0.042878 -27.464311 -35.845224 208.864761 0.064234 0.797068 -0.062480 0.597204
0.045285 -26.508205 -36.047369 208.652630 0.063354 0.795943 -0.061373 0.598911
0.046445 -25.584874 -36.231986 208.315916 0.063624 0.793624 -0.060251 0.602065
0.043998 -24.623306 -36.403771 208.101731 0.063382 0.791795 -0.061326 0.604386
0.044337 -23.643458 -36.557906 207.974680 0.063370 0.790658 -0.063136 0.605688
0.046969 -22.708846 -36.755242 207.678777 0.064204 0.787727 -0.063092 0.609413
0.044048 -21.733673 -36.940178 207.556973 0.064891 0.785526 -0.064318 0.612046
0.043389 -20.775648 -37.092127 207.313872 0.064305 0.782328 -0.068307 0.615761
0.044739 -19.809559 -37.329643 207.212584 0.064205 0.780245 -0.068561 0.618381
0.045305 -18.857566 -37.572740 207.026538 0.064437 0.778202 -0.065779 0.621227
0.047045 -17.888779 -37.798795 206.924803 0.062661 0.777578 -0.065966 0.622169
0.044425 -16.948411 -37.984700 206.639938 0.063198 0.774950 -0.065546 0.625430
0.042746 -15.996547 -38.160004 206.388494 0.062987 0.773538 -0.067317 0.627009
0.049590 -15.039363 -38.366799 206.185924 0.063142 0.772807 -0.067757 0.627846
0.043281 -14.084541 -38.553886 205.955027 0.063727 0.771607 -0.067163 0.629325
0.047932 -13.114384 -38.723610 205.781855 0.063549 0.770438 -0.068672 0.630612
0.047523 -12.144294 -38.939769 205.671394 0.063886 0.770049 -0.068798 0.631039
0.044717 -11.182234 -39.135259 205.481068 0.063669 0.768734 -0.069841 0.632548
0.053344 -10.223110 -39.337858 205.283498 0.063641 0.767358 -0.068530 0.634362
0.046264 -9.264672 -39.528394 205.071148 0.064148 0.766171 -0.066101 0.636001
0.049089 -8.320530 -39.716689 204.800701 0.064711 0.763590 -0.065018 0.639152
0.048459 -7.359135 -39.949779 204.654453 0.067642 0.761704 -0.061935 0.641401
0.050067 -6.369584 -40.092305 204.632649 0.070059 0.759983 -0.062105 0.643165
0.043522 -5.399809 -40.206584 204.417065 0.070739 0.757240 -0.062299 0.646299
0.039840 -4.427435 -40.395808 204.280380 0.070742 0.754870 -0.062319 0.649063
0.040430 -3.451489 -40.612408 204.255586 0.071193 0.753324 -0.061375 0.650898
0.042387 -2.691076 -40.990782 203.727757 0.065622 0.740129 -0.059985 0.666562
0.039092 -1.726292 -41.207757 203.579050 0.065547 0.735805 -0.061143 0.671234
0.042326 -0.755157 -41.428263 203.488089 0.065382 0.732035 -0.060693 0.675401
0.040370 0.234184 -41.573871 203.486243 0.065362 0.728593 -0.058948 0.679268
0.040886 1.198218 -41.734256 203.274314 0.065124 0.723685 -0.059397 0.684479
0.040843 2.170180 -41.874825 203.085815 0.063231 0.718408 -0.063944 0.689785
0.041513 3.152314 -42.060860 203.114171 0.064340 0.714557 -0.063791 0.693685
0.042526 4.128632 -42.268025 203.176502 0.061320 0.712157 -0.068266 0.695997
0.044069 5.106065 -42.331386 202.974983 0.060690 0.707066 -0.069541 0.701098
0.043000 5.258981 -42.603607 203.924989 0.054572 0.739949 -0.055198 0.668170
0.041901 6.244861 -42.770772 203.934825 0.053831 0.738212 -0.055482 0.670125
0.042052 7.215402 -43.005524 203.880589 0.052123 0.735106 -0.054800 0.673721
0.041660 8.193969 -43.204334 203.826897 0.051408 0.731736 -0.053538 0.677535
0.039154 9.179501 -43.370825 203.795170 0.049793 0.729712 -0.055371 0.679688
0.041343 10.166171 -43.510905 203.712351 0.051082 0.726181 -0.054691 0.683418
0.041567 11.151096 -43.683855 203.715894 0.050758 0.724048 -0.056175 0.685582
0.040028 12.075775 -43.593874 203.345933 0.053505 0.717906 -0.056882 0.691746
0.040714 13.060881 -43.673695 203.193636 0.054564 0.713530 -0.056679 0.696193
0.041970 14.002373 -43.824759 203.494920 0.053766 0.712954 -0.056396 0.696868
0.043425 14.966658 -43.981086 203.708738 0.052754 0.711990 -0.055463 0.698005
0.042843 15.949013 -44.155530 203.776169 0.051643 0.709534 -0.054937 0.700626
0.041200 16.945174 -44.229584 203.822865 0.051601 0.706514 -0.056168 0.703577
0.040601 17.921463 -44.438079 203.881085 0.051515 0.703465 -0.055689 0.706670
0.040273 18.902426 -44.588358 204.004074 0.049064 0.701925 -0.057717 0.708210
0.041174 19.889109 -44.750166 204.020683 0.047515 0.699065 -0.059104 0.711025
0.040026 20.855311 -44.886314 204.239582 0.047943 0.697881 -0.059702 0.712109
0.040380 21.833255 -45.082685 204.168416 0.048404 0.692567 -0.058170 0.717373
0.039012 22.814875 -45.250198 204.259853 0.049490 0.689442 -0.057303 0.720372
0.040582 23.787583 -45.397034 204.439515 0.049399 0.687978 -0.057367 0.721772
0.041094 24.766499 -45.570750 204.546968 0.048959 0.685529 -0.056855 0.724168
0.041111 25.737205 -45.782193 204.661083 0.047881 0.682729 -0.054724 0.727045
0.040541 26.720345 -45.960102 204.703318 0.046107 0.680069 -0.054226 0.729684
0.041288 27.698299 -46.104690 204.853989 0.044417 0.679928 -0.053953 0.729942
0.039900 28.676361 -46.262049 204.990491 0.042986 0.680079 -0.053180 0.729943
0.043257 29.671656 -46.358145 205.002812 0.043084 0.678088 -0.051854 0.731882
0.041434 30.649530 -46.563772 204.964327 0.041266 0.673915 -0.050160 0.735948
0.041422 31.627929 -46.741314 205.070221 0.040416 0.672716 -0.051199 0.737020
0.040983 32.605782 -46.883890 205.223439 0.040167 0.673781 -0.052972 0.735935
0.040547 33.592182 -47.031073 205.296602 0.040190 0.672500 -0.053316 0.737080
0.042777 34.579113 -47.154138 205.400634 0.039940 0.672311 -0.053285 0.737268
0.044963 35.553189 -47.327613 205.545831 0.039097 0.671831 -0.051579 0.737871
0.041525 36.537090 -47.479024 205.640774 0.038760 0.670507 -0.049475 0.739237
0.040920 37.521033 -47.625948 205.742104 0.036813 0.670660 -0.049517 0.739194
0.040160 38.496286 -47.780872 205.899842 0.035028 0.671254 -0.048002 0.738842
0.039304 39.482532 -47.887961 206.025742 0.034908 0.671328 -0.049020 0.738714
0.038511 40.472658 -48.027566 206.038423 0.033979 0.669839 -0.048925 0.740113
0.041695 41.454483 -48.146397 206.186403 0.033759 0.670264 -0.048773 0.739749
0.039114 42.437096 -48.332061 206.185156 0.032768 0.668475 -0.046742 0.741540
0.041268 43.418765 -48.492933 206.082957 0.031471 0.664875 -0.045515 0.744903
0.040226 44.261941 -48.753731 205.612808 0.026440 0.652561 -0.043228 0.756040
0.039424 45.245596 -48.870556 205.749828 0.026284 0.652435 -0.042346 0.756204
0.039874 46.233463 -48.904397 205.901401 0.027302 0.651305 -0.041909 0.757165
0.039141 47.202695 -49.053601 206.097172 0.026078 0.651249 -0.040561 0.757330
0.040964 48.195008 -49.088878 206.215790 0.025317 0.649925 -0.041707 0.758431
0.039224 49.166599 -49.215176 206.415942 0.024950 0.649936 -0.040487 0.758500
0.038529 50.152798 -49.380464 206.425451 0.024428 0.645724 -0.038799 0.762193
0.040837 51.141353 -49.531305 206.428225 0.022921 0.640991 -0.037647 0.766282
0.040927 52.127418 -49.673391 206.514750 0.021519 0.638307 -0.036073 0.768635
0.041163 53.092155 -49.759545 206.763467 0.019876 0.637658 -0.035548 0.769242
0.040887 54.075333 -49.866703 206.911375 0.020041 0.633755 -0.034937 0.772485
0.039056 55.053393 -49.959761 207.097760 0.019703 0.631374 -0.035740 0.774404
0.038846 56.008780 -50.057463 207.376489 0.019723 0.628667 -0.035557 0.776611
0.041495 56.944034 -50.120252 207.724852 0.020392 0.626675 -0.034566 0.778246
0.043910 57.925854 -50.231912 207.878354 0.017525 0.623423 -0.035503 0.780882
0.043961 58.910215 -50.354857 208.004522 0.015665 0.619714 -0.035274 0.783878
0.043677 59.798322 -50.381072 208.463411 0.016990 0.617149 -0.033225 0.785961
0.044955 60.766824 -50.458485 208.700077 0.018511 0.613358 -0.032938 0.788901
0.040142 61.746997 -50.551937 208.874800 0.019345 0.607991 -0.032456 0.793044
0.040784 62.719917 -50.609809 209.098578 0.019763 0.602683 -0.032405 0.797078
0.040127 63.688654 -50.707548 209.326604 0.019852 0.597429 -0.031576 0.801054
0.038657 64.639849 -50.827809 209.610796 0.018576 0.592580 -0.030789 0.804708
0.038712 65.629089 -50.973089 209.628073 0.016536 0.584366 -0.030059 0.810765
0.040461 66.518349 -51.009974 210.083984 0.016694 0.580358 -0.029618 0.813652
0.040170 67.448401 -51.112176 210.436914 0.014236 0.575850 -0.030251 0.816871
0.041135 67.202775 -50.936395 211.390208 0.022376 0.609762 -0.027813 0.791780
0.038852 68.181594 -51.049335 211.560967 0.020435 0.604920 -0.025993 0.795600
0.041893 69.078335 -51.081949 212.002321 0.022081 0.601288 -0.023229 0.798389
0.039524 70.010127 -51.161229 212.356549 0.022462 0.596647 -0.022073 0.801886
0.040797 70.972413 -51.219907 212.622187 0.024553 0.589304 -0.019176 0.807310
0.041722 71.959030 -51.373827 212.675984 0.022698 0.579188 -0.017374 0.814693
0.041708 72.877756 -51.420203 213.068149 0.021545 0.574648 -0.016764 0.817945
0.040679 73.786773 -51.513061 213.474431 0.020694 0.569235 -0.015076 0.821776
0.040351 74.721252 -51.568809 213.826057 0.019065 0.563736 -0.016735 0.825565
0.038752 75.617207 -51.643815 214.263821 0.018351 0.558497 -0.015211 0.829164
0.039329 76.539969 -51.680722 214.647421 0.017599 0.552502 -0.016694 0.833158
0.040595 77.389358 -51.796863 215.162250 0.016789 0.548190 -0.015261 0.836046
0.040657 78.263947 -51.873356 215.641045 0.015457 0.544758 -0.016358 0.838292
0.043201 79.154922 -51.944578 216.089476 0.013357 0.541495 -0.017664 0.840412
0.043182 79.975083 -52.055866 216.650681 0.013499 0.539513 -0.016881 0.841700
0.042037 80.884663 -52.064619 217.066117 0.013285 0.535568 -0.019760 0.844156
0.041671 81.661861 -52.140813 217.690744 0.014061 0.536355 -0.017971 0.843684
0.043256 82.535596 -52.159440 218.176788 0.010527 0.533780 -0.021018 0.845297
0.041030 83.368347 -52.243894 218.723957 0.008976 0.531789 -0.021276 0.846562
0.038492 84.279472 -52.272444 219.135095 0.006849 0.528461 -0.024574 0.848574
0.039943 85.165112 -52.301237 219.598574 0.003928 0.526102 -0.027166 0.849979
0.040335 86.045012 -52.371913 220.068448 0.002550 0.524253 -0.027449 0.851116
0.039192 86.914359 -52.432941 220.558869 0.003550 0.523446 -0.029998 0.851523
0.043893 87.779092 -52.496605 221.057049 0.005279 0.523028 -0.032523 0.851679
0.041007 88.669863 -52.461469 221.510141 0.008749 0.522043 -0.034888 0.852160
0.039419 89.539339 -52.554677 221.995242 0.007117 0.522062 -0.037238 0.852065
0.040256 90.403904 -52.608371 222.494887 0.006981 0.521973 -0.035806 0.852182
0.040024 91.296543 -52.662585 222.942387 0.006871 0.521399 -0.035658 0.852540
0.039684 92.182596 -52.759383 223.395752 0.007461 0.520656 -0.034808 0.853024
0.041527 93.057478 -52.885079 223.863493 0.006313 0.520165 -0.035230 0.853315
0.041313 93.924977 -53.000703 224.347309 0.007061 0.519208 -0.033575 0.853959
0.040005 94.794256 -53.059025 224.838178 0.007153 0.518703 -0.034213 0.854239
0.041614 95.682917 -53.078300 225.296337 0.007921 0.517635 -0.035213 0.854840
0.041237 96.519918 -53.151323 225.838643 0.007539 0.516589 -0.033964 0.855526
0.039696 97.395883 -53.207428 226.317745 0.007422 0.513742 -0.034350 0.857224
0.040261 98.292479 -53.302273 226.750319 0.008511 0.508665 -0.032116 0.860323
0.043613 99.162695 -53.349782 227.240692 0.008725 0.503677 -0.030429 0.863312
0.041013 99.996980 -53.382557 227.791051 0.007986 0.499306 -0.031867 0.865803
0.040103 100.848939 -53.402227 228.314290 0.008821 0.493693 -0.032624 0.868979
0.040749 101.686502 -53.468645 228.856579 0.008248 0.487963 -0.032931 0.872204
0.040200 102.506267 -53.566944 229.420780 0.005815 0.483428 -0.034076 0.874701
0.039663 103.316786 -53.603788 230.005332 0.005584 0.477628 -0.032955 0.877926
0.040045 104.153670 -53.654825 230.550327 0.005510 0.471876 -0.033823 0.880999
0.039809 104.950333 -53.722508 231.150950 0.005710 0.466370 -0.033048 0.883954
0.040668 105.806153 -53.759647 231.666890 0.005453 0.459072 -0.033193 0.887762
0.039114 106.610825 -53.829412 232.256495 0.004780 0.452784 -0.034714 0.890931
0.039427 107.418911 -53.865471 232.844456 0.004517 0.446647 -0.037513 0.893912
0.041209 108.193663 -53.963726 233.469039 0.003259 0.441357 -0.039189 0.896470
0.040564 108.966815 -54.052506 234.097016 0.000843 0.437113 -0.042018 0.898424
0.038954 109.744745 -54.104352 234.723223 0.000486 0.433746 -0.043051 0.900006
0.038999 110.502593 -54.170246 235.372319 0.000327 0.431491 -0.043271 0.901079
0.041509 111.311301 -54.247616 235.955419 0.000407 0.429520 -0.043918 0.901989
0.041774 112.026364 -54.247415 236.654479 0.002837 0.427494 -0.041882 0.903043
0.042011 112.787388 -54.313567 237.299821 0.003443 0.425018 -0.040311 0.904280
0.044669 113.524082 -54.385561 237.972204 0.003523 0.423782 -0.040953 0.904831
0.040131 114.293660 -54.451728 238.607320 0.004713 0.421219 -0.040282 0.906052
0.039314 115.045194 -54.517221 239.263754 0.004847 0.418593 -0.042152 0.907182
0.041439 114.809803 -54.632745 240.228765 0.002272 0.452752 -0.036881 0.890870
0.041886 115.558603 -54.701723 240.887962 0.000994 0.450154 -0.037427 0.892166
0.040438 116.348098 -54.740580 241.500488 -0.000834 0.447281 -0.037768 0.893595
0.040636 117.168527 -54.795739 242.069569 -0.001725 0.444352 -0.037509 0.895065
0.038681 118.064335 -54.927433 242.494050 -0.003261 0.436948 -0.039790 0.898600
0.042943 118.850672 -54.972363 243.110212 -0.001047 0.434263 -0.040103 0.899892
0.042863 119.614409 -55.006136 243.754856 0.000655 0.432562 -0.038177 0.900795
0.041621 120.339465 -55.013124 244.443511 0.001818 0.432243 -0.037698 0.900967
0.039809 121.112987 -55.081716 245.073557 0.000513 0.432184 -0.038380 0.900968
0.041226 121.894386 -55.135507 245.695266 -0.000661 0.434622 -0.039950 0.899726
0.040845 122.683407 -55.193617 246.306878 -0.001816 0.439403 -0.041907 0.897310
0.042970 123.504788 -55.209041 246.877050 -0.001950 0.444543 -0.042204 0.894761
0.041328 124.333181 -55.276209 247.433155 -0.002230 0.449036 -0.042300 0.892509
0.041231 125.123281 -55.330580 248.043717 -0.002491 0.453947 -0.041302 0.890067
0.041719 125.918600 -55.384770 248.647481 -0.001422 0.457419 -0.039294 0.888382
0.045480 126.732940 -55.455708 249.223518 -0.000883 0.459758 -0.038912 0.887191
0.043770 127.558044 -55.513174 249.785568 0.000123 0.461174 -0.038798 0.886461
0.044145 128.348684 -55.565722 250.395591 0.001934 0.461300 -0.037879 0.886433
0.043201 129.169412 -55.638564 250.962247 0.002439 0.460091 -0.036909 0.887101
0.045022 129.577193 -55.649451 251.875262 0.005336 0.463486 -0.032711 0.885484
0.041662 129.606015 -55.593065 252.873255 0.009529 0.472926 -0.029254 0.880565
0.042726 130.455301 -55.694186 253.391413 0.010926 0.467273 -0.026672 0.883643
0.042630 131.241075 -55.783895 254.003386 0.011241 0.461802 -0.024951 0.886561
0.044317 132.039053 -55.876950 254.598846 0.012465 0.453847 -0.021926 0.890723
0.044444 132.821018 -55.983677 255.212963 0.013077 0.445578 -0.019448 0.894936
0.043207 133.604551 -56.074292 255.827670 0.014652 0.435027 -0.017473 0.900129
0.043538 134.384918 -56.201347 256.439948 0.014653 0.424130 -0.017695 0.905310
0.043456 135.141868 -56.295801 257.086558 0.014389 0.412175 -0.018171 0.910810
0.045554 135.852720 -56.368062 257.786178 0.014872 0.400496 -0.019327 0.915974
0.044408 136.551063 -56.442912 258.498017 0.016141 0.387692 -0.019971 0.921431
0.043027 137.216911 -56.515403 259.240575 0.015986 0.373966 -0.021862 0.927047
0.043984 137.858075 -56.550053 260.007196 0.015567 0.361059 -0.024426 0.932093
0.040402 138.502998 -56.620801 260.768162 0.014770 0.346727 -0.023976 0.937543
0.045354 139.137310 -56.666004 261.539916 0.014302 0.332087 -0.026933 0.942756
0.043574 139.492999 -56.698906 262.473941 0.016342 0.320775 -0.025060 0.946683
0.044020 140.053950 -56.756435 263.299789 0.016246 0.306588 -0.025723 0.951356
0.041747 140.630440 -56.820334 264.114391 0.017331 0.293879 -0.026880 0.955307
0.040127 141.110720 -56.898421 264.988023 0.016923 0.285065 -0.027955 0.957951
0.043028 141.602095 -56.925542 265.858549 0.014320 0.277172 -0.030408 0.960232
0.043248 142.198261 -56.993582 266.658522 0.010527 0.271197 -0.032720 0.961910
0.039873 142.682077 -57.029842 267.532940 0.010636 0.268410 -0.034500 0.962628
0.039970 143.182118 -57.114354 268.394808 0.013049 0.267098 -0.036958 0.962872
0.040294 143.612882 -57.144581 269.296767 0.015679 0.267218 -0.037915 0.962762
0.043066 144.068152 -57.252673 270.180534 0.015757 0.268174 -0.037963 0.962493
0.042933 144.545734 -57.333434 271.055402 0.014963 0.269590 -0.038900 0.962073
0.041542 145.006721 -57.363033 271.942315 0.015618 0.270981 -0.038478 0.961688
0.039355 145.522438 -57.438094 272.795780 0.016998 0.272371 -0.036762 0.961340
0.044345 146.015592 -57.517165 273.662121 0.018609 0.274375 -0.037845 0.960698
0.039801 146.513954 -57.606808 274.524443 0.020806 0.275999 -0.038095 0.960177
0.039593 147.063692 -57.680376 275.356534 0.022520 0.276385 -0.037167 0.960064
0.041962 147.567584 -57.757596 276.216842 0.021744 0.277449 -0.036063 0.959817
0.041944 148.069509 -57.833350 277.078429 0.020157 0.277799 -0.036419 0.959737
0.041161 148.574792 -57.891290 277.939436 0.019176 0.277840 -0.037653 0.959698
0.040861 149.152593 -57.982586 278.750491 0.018815 0.276471 -0.039138 0.960041
0.040046 149.661727 -58.049779 279.608552 0.018449 0.276634 -0.041084 0.959920
0.040872 150.153322 -58.117509 280.476738 0.017850 0.276702 -0.042659 0.959843
0.040024 150.633829 -58.177812 281.351653 0.018498 0.276864 -0.044421 0.959704
0.043926 151.057091 -58.228637 282.256234 0.020455 0.277495 -0.043688 0.959515
0.040690 151.516307 -58.300180 283.141672 0.022298 0.277107 -0.042310 0.959648
0.043839 152.073228 -58.412361 283.964627 0.022153 0.274230 -0.039012 0.960617
0.043053 152.647231 -58.518917 284.776518 0.022043 0.270633 -0.036283 0.961746
0.042079 153.205170 -58.624560 285.599649 0.022346 0.265257 -0.034186 0.963312
0.042722 153.753204 -58.725020 286.430050 0.023186 0.259057 -0.032529 0.965036
0.044328 154.272589 -58.840642 287.276732 0.023527 0.254246 -0.031869 0.966328
0.045855 154.670087 -58.877000 288.193615 0.024963 0.249975 -0.030038 0.967464
0.044192 155.200762 -58.994418 289.033017 0.024291 0.244547 -0.030693 0.968847
0.050276 155.706364 -59.091524 289.890302 0.023344 0.238364 -0.031008 0.970400
0.047441 156.276692 -59.211171 290.702958 0.022679 0.228908 -0.029770 0.972728
0.044255 156.769975 -59.330412 291.564616 0.022200 0.223567 -0.030211 0.973967
0.046835 157.269879 -59.441156 292.423587 0.022113 0.217565 -0.030943 0.975305
0.043580 157.675248 -59.506704 293.335387 0.023036 0.213594 -0.031428 0.976145
0.042037 158.148536 -59.601893 294.211137 0.022799 0.207781 -0.031270 0.977410
0.043768 158.544894 -59.692674 295.124734 0.022847 0.204063 -0.031161 0.978195
0.042121 158.940705 -59.764690 296.040238 0.023723 0.200925 -0.030109 0.978856
0.042883 159.423215 -59.860476 296.910875 0.024369 0.195406 -0.028509 0.980005
0.043250 159.660478 -59.926881 297.880048 0.026990 0.195027 -0.027670 0.980036
0.045811 159.884623 -59.983051 298.852984 0.030009 0.195501 -0.025075 0.979924
0.041179 159.172500 -59.993809 299.554955 0.031287 0.228039 -0.020166 0.972940
0.042301 159.548240 -60.095099 300.476128 0.029391 0.226303 -0.019531 0.973418
0.040572 159.790928 -60.178721 301.442622 0.029416 0.229705 -0.019512 0.972620
0.041255 160.244172 -60.279408 302.328303 0.028644 0.227265 -0.020228 0.973201
0.042201 160.540892 -60.343398 303.281122 0.028394 0.229554 -0.022414 0.972623
0.040306 160.939003 -60.426670 304.194671 0.027746 0.229552 -0.021670 0.972659
0.042279 161.398373 -60.525279 305.077426 0.025648 0.228436 -0.019752 0.973021
0.043881 161.873376 -60.602298 305.954033 0.024757 0.227804 -0.016729 0.973249
0.047157 162.233062 -60.666729 306.884879 0.025086 0.228447 -0.014962 0.973118
0.041218 162.686925 -60.760827 307.770968 0.024399 0.227278 -0.012093 0.973449
0.043055 163.151117 -60.860851 308.651037 0.024188 0.226353 -0.012468 0.973665
0.042874 163.591174 -60.937708 309.545712 0.023653 0.225348 -0.010574 0.973934
0.045130 163.993405 -60.978552 310.460339 0.025319 0.225997 -0.009892 0.973749
0.042213 164.476342 -61.078802 311.330236 0.023695 0.224743 -0.009968 0.974079
0.041023 164.884770 -61.152641 312.240035 0.022551 0.224530 -0.011052 0.974143
0.047390 165.365981 -61.226404 313.113531 0.021272 0.222482 -0.011355 0.974639
0.044668 165.742964 -61.284833 314.037906 0.019855 0.223024 -0.011382 0.974544
0.045189 166.098438 -61.321713 314.971865 0.019140 0.224859 -0.014262 0.974099
0.044518 166.505328 -61.396194 315.882300 0.017762 0.224568 -0.014967 0.974182
0.043736 167.025448 -61.423545 316.735955 0.017949 0.224923 -0.016919 0.974064
0.042482 167.389098 -61.495098 317.664739 0.017007 0.227368 -0.016430 0.973522
0.041605 167.862927 -61.561591 318.542842 0.015657 0.227364 -0.015948 0.973553
0.043328 168.318513 -61.645692 319.429052 0.014111 0.227583 -0.016563 0.973516
0.041171 168.777330 -61.709361 320.315299 0.012153 0.227597 -0.017524 0.973522
0.039953 169.153964 -61.755823 321.240495 0.011414 0.229621 -0.018791 0.973032
0.040027 169.639279 -61.819330 322.112525 0.011057 0.229732 -0.018272 0.973020
0.040672 170.102776 -61.888273 322.995937 0.010980 0.230695 -0.018933 0.972780
0.041083 170.544704 -61.921346 323.892378 0.011186 0.231082 -0.016840 0.972724
0.041368 171.029734 -61.965275 324.765771 0.009781 0.230854 -0.015534 0.972815
0.041747 171.397577 -62.006559 325.694742 0.008733 0.233235 -0.014623 0.972271
0.039983 171.846643 -62.029776 326.587939 0.008732 0.234037 -0.014832 0.972075
0.040646 172.316565 -62.075845 327.469444 0.008518 0.233477 -0.013596 0.972230
0.042454 172.786107 -62.123754 328.351054 0.008759 0.232995 -0.010260 0.972384
0.040591 173.299337 -62.196216 329.206240 0.008101 0.232477 -0.009438 0.972522
0.042295 173.705744 -62.229610 330.119322 0.007991 0.232704 -0.007180 0.972488
0.043472 174.174283 -62.297776 331.000131 0.008876 0.232745 -0.007768 0.972466
0.042001 174.641176 -62.357103 331.882452 0.007840 0.232765 -0.007599 0.972472
0.042232 175.053159 -62.324014 332.793043 0.008615 0.233111 -0.006185 0.972392
0.040812 175.543280 -62.381275 333.662814 0.006529 0.232304 -0.007085 0.972595
0.041346 176.067656 -62.415404 334.513617 0.006511 0.230908 -0.007124 0.972928
0.042053 176.488318 -62.446001 335.420318 0.006573 0.230864 -0.007019 0.972938
0.040940 176.903628 -62.490479 336.328910 0.006686 0.230832 -0.006667 0.972948
0.040280 177.387273 -62.545146 337.202466 0.005837 0.230759 -0.007307 0.972966
0.039840 177.767995 -62.573556 338.126719 0.005009 0.231431 -0.007283 0.972811
0.041840 178.242507 -62.610562 339.006190 0.005010 0.230782 -0.006486 0.972971
0.042145 178.636848 -62.638310 339.924735 0.005256 0.231668 -0.006349 0.972760
0.042642 179.046731 -62.652972 340.836755 0.004968 0.231974 -0.007548 0.972680
0.043096 179.497072 -62.644329 341.729570 0.004855 0.231254 -0.008573 0.972844
0.044868 180.365111 -63.022809 342.050913 -0.006354 0.212989 -0.006871 0.977010
0.040855 180.785525 -63.001212 342.957988 -0.006398 0.213389 -0.007729 0.976916
0.042276 181.173407 -63.033775 343.879122 -0.007577 0.213405 -0.006951 0.976910
0.043405 181.529368 -63.023988 344.813572 -0.008610 0.214067 -0.007292 0.976754
0.044371 181.947303 -63.027339 345.722043 -0.010369 0.213025 -0.007152 0.976966
0.043530 182.395909 -63.036347 346.615727 -0.012347 0.212162 -0.007135 0.977130
0.043169 182.798877 -63.046684 347.530883 -0.013566 0.211777 -0.005845 0.977206
0.046983 183.201685 -63.043332 348.446161 -0.014128 0.211239 -0.005049 0.977319
0.049529 183.549409 -63.000905 349.382797 -0.014203 0.210857 -0.003472 0.977408
0.047043 183.884327 -62.956791 350.324011 -0.013806 0.210581 -0.002431 0.977476
0.044650 184.310304 -62.960562 351.228737 -0.014411 0.208884 -0.002014 0.977832
0.046047 184.683386 -62.947723 352.156447 -0.013779 0.208936 -0.000971 0.977832
0.047355 185.129712 -62.904590 353.050277 -0.013265 0.208077 0.000823 0.978022
0.043884 185.537597 -62.908365 353.963303 -0.013718 0.208418 0.000507 0.977944
0.043652 185.951130 -62.910066 354.873790 -0.014053 0.207960 0.001413 0.978035
0.045283 186.150532 -62.912800 355.853704 -0.013539 0.211050 0.003713 0.977374
0.044333 186.558794 -62.867863 356.765462 -0.013285 0.211080 0.005070 0.977365
0.044752 186.672181 -62.874798 357.758989 -0.013533 0.215045 0.004593 0.976500
0.043098 187.129894 -62.851479 358.647783 -0.012715 0.214316 0.004849 0.976670
0.048007 187.247871 -62.835266 359.640667 -0.011365 0.217837 0.004856 0.975907
0.050255 187.648567 -62.814840 360.556651 -0.010446 0.218442 0.004543 0.975783
0.044518 188.092870 -62.780195 361.451857 -0.009666 0.218492 0.003408 0.975785
0.045702 188.475149 -62.827732 362.374680 -0.009871 0.218692 0.003302 0.975738
0.047781 188.947015 -62.765345 363.254141 -0.008345 0.218909 0.003420 0.975704
0.044039 189.439588 -62.761628 364.124404 -0.007174 0.218894 0.005099 0.975709
0.045844 189.886479 -62.729827 365.018427 -0.006251 0.219631 0.005667 0.975547
0.045449 190.340875 -62.835071 365.902988 -0.007779 0.220682 0.003859 0.975307
0.044209 190.536174 -62.876788 366.882844 -0.007512 0.227299 0.004843 0.973784
0.043752 191.257888 -62.950809 367.571066 -0.007961 0.227641 0.004575 0.973702
0.043640 190.770608 -62.788344 368.429066 -0.005187 0.249401 0.003120 0.968381
0.042243 191.327670 -62.781418 369.259509 -0.006854 0.254394 0.002983 0.967072
0.043130 191.118643 -62.759949 370.237183 -0.009555 0.273412 0.003005 0.961845
0.042487 191.680011 -62.806960 371.063413 -0.012301 0.280613 0.003644 0.959735
0.043196 192.295585 -62.767532 371.850505 -0.011516 0.287503 0.005233 0.957696
0.042611 192.806944 -62.786400 372.709665 -0.013333 0.298872 0.003451 0.954194
0.043081 193.507000 -62.989899 373.394143 -0.018663 0.308491 0.000489 0.951044
0.043210 194.231389 -63.117562 374.071611 -0.021939 0.319089 0.000426 0.947471
0.042819 194.964167 -63.156353 374.750972 -0.022757 0.329283 0.000971 0.943957
0.040972 195.662466 -63.140943 375.466613 -0.021315 0.340846 0.001695 0.939876
0.043418 196.436414 -63.143976 376.099855 -0.020477 0.351430 0.001914 0.935988
0.044154 197.281896 -63.178592 376.632735 -0.020271 0.360868 0.002819 0.932392
0.044214 198.033520 -63.148037 377.291619 -0.020496 0.372670 0.002890 0.927733
0.041649 198.787171 -63.124226 377.948462 -0.020031 0.384112 0.004174 0.923060
0.042531 199.526204 -63.082997 378.620869 -0.020306 0.395714 0.005279 0.918134
0.041608 200.284181 -63.044919 379.272037 -0.018914 0.407051 0.007109 0.913182
0.040515 201.053274 -63.011535 379.910302 -0.018808 0.418360 0.007227 0.908058
0.042324 201.824697 -62.946448 380.543287 -0.017559 0.429737 0.008969 0.902739
0.041795 202.462403 -62.908739 381.312643 -0.016369 0.444403 0.009138 0.895631
0.042781 203.229020 -62.899942 381.954688 -0.016106 0.456170 0.009214 0.889699
0.042161 204.085479 -62.890737 382.470821 -0.014607 0.465597 0.010860 0.884810
0.043555 204.950438 -62.878771 382.972521 -0.013115 0.473540 0.011876 0.880594
0.041276 205.771068 -62.892724 383.543811 -0.011681 0.482614 0.013201 0.875656
0.043640 206.566124 -62.890379 384.150342 -0.011892 0.492627 0.012337 0.870072
0.042469 207.380657 -62.906186 384.730245 -0.012844 0.501548 0.010869 0.864966
0.043509 208.260881 -62.908075 385.204798 -0.013537 0.509507 0.010358 0.860298
0.041498 209.202732 -62.889260 385.540303 -0.012746 0.515718 0.011712 0.856583
0.041198 210.107457 -62.878369 385.966159 -0.012283 0.522840 0.012385 0.852253
0.042974 211.016368 -62.891326 386.382949 -0.013368 0.530051 0.012234 0.847772
0.041396 211.963716 -62.889829 386.703151 -0.013781 0.536524 0.014727 0.843644
0.044056 212.834694 -62.861449 387.193653 -0.013743 0.546075 0.015288 0.837484
0.045048 213.764851 -62.848621 387.560589 -0.013866 0.553587 0.015407 0.832534
0.040944 214.675095 -62.835390 387.974452 -0.012486 0.560113 0.015722 0.828173
0.042109 215.548993 -62.822716 388.460394 -0.010780 0.568592 0.014872 0.822415
0.041979 216.399114 -62.823935 388.986981 -0.009408 0.577227 0.014078 0.816408
0.041264 217.347007 -62.827798 389.305548 -0.010918 0.584841 0.011317 0.810995
0.041514 218.289745 -62.832190 389.639052 -0.012559 0.593861 0.009754 0.804411
0.040071 219.252344 -62.811508 389.909191 -0.012202 0.602700 0.011267 0.797795
0.042381 220.238513 -62.751380 390.063642 -0.009508 0.610183 0.013607 0.792087
0.041139 221.215473 -62.733432 390.276310 -0.008981 0.619382 0.014231 0.784909
0.041662 222.207351 -62.685177 390.393991 -0.006917 0.628394 0.015634 0.777707
0.042727 223.190191 -62.652661 390.575565 -0.005492 0.639178 0.016148 0.768869
0.041185 224.189912 -62.629079 390.576367 -0.003022 0.647697 0.018093 0.761677
0.041556 225.185585 -62.604802 390.666073 -0.002271 0.657875 0.018563 0.752895
0.042203 226.182655 -62.622835 390.740404 -0.002066 0.667680 0.020409 0.744166
0.041821 227.181505 -62.614299 390.787580 -0.000568 0.675978 0.022720 0.736572
0.044535 228.173328 -62.606531 390.914965 -0.001196 0.685950 0.023404 0.727271
0.042236 229.173210 -62.610720 390.900181 0.000069 0.693313 0.024464 0.720221
0.042928 230.173099 -62.596624 390.895283 0.000344 0.700321 0.024726 0.713399
0.041372 231.172131 -62.555993 390.912165 0.002066 0.706342 0.027207 0.707345
0.041264 232.171281 -62.531828 390.945537 0.000303 0.713585 0.028361 0.699995
0.040823 233.166039 -62.483241 390.855557 0.000927 0.719664 0.028346 0.693743
0.040441 234.162645 -62.492030 390.773713 0.001666 0.726000 0.027739 0.687132
0.040609 235.157465 -62.508106 390.673334 0.002499 0.731670 0.029073 0.681034
0.038794 236.142112 -62.479750 390.501095 0.001778 0.737233 0.031323 0.674910
0.041397 237.113674 -62.538519 390.271721 -0.002135 0.743057 0.033696 0.668376
0.041120 238.098190 -62.554023 390.097113 -0.004977 0.749872 0.034340 0.660673
0.041499 239.094558 -62.526290 390.016606 -0.005727 0.757990 0.034463 0.651329
0.039572 240.078945 -62.498178 389.842845 -0.005361 0.765550 0.034346 0.642437
0.042017 241.059783 -62.488579 389.648256 -0.004603 0.773123 0.035133 0.633266
0.040657 242.038443 -62.413506 389.456975 -0.004173 0.780626 0.035631 0.623968
0.040392 243.010823 -62.418918 389.223634 -0.002205 0.788229 0.038141 0.614195
0.040184 243.976761 -62.338916 388.977539 -0.000625 0.796154 0.038430 0.603872
0.038953 244.939684 -62.279737 388.714331 0.000074 0.803555 0.039306 0.593931
0.040374 245.885071 -62.191478 388.400558 0.002021 0.810916 0.039695 0.583811
0.040529 246.830026 -62.107724 388.084260 0.002310 0.818456 0.038729 0.573257
0.042704 247.754749 -62.069346 387.705559 0.002007 0.825585 0.037175 0.563048
0.044260 248.692577 -61.989242 387.367827 0.003226 0.832819 0.036062 0.552360
0.041879 249.622463 -61.889380 387.013794 0.004556 0.839594 0.035218 0.542052
0.046280 250.385687 -61.887693 386.367663 0.003935 0.845234 0.035885 0.533175
0.041501 251.285542 -61.846378 385.933434 0.004430 0.851586 0.036355 0.522933
0.042758 252.176114 -61.773116 385.484530 0.006033 0.858431 0.037203 0.511543
0.040312 253.032657 -61.738864 384.969594 0.007407 0.864846 0.038222 0.500525
0.040068 253.833004 -61.718856 384.370390 0.007870 0.870132 0.039320 0.491184
0.044831 254.644957 -61.677711 383.788119 0.008276 0.875771 0.040418 0.480961
0.042451 255.495756 -61.658800 383.262968 0.008654 0.882230 0.040858 0.468963
0.041725 256.325800 -61.599879 382.708392 0.009127 0.887926 0.040616 0.458098
0.041482 257.097604 -61.582392 382.072771 0.009698 0.893023 0.041940 0.447948
0.041060 257.932486 -61.516302 381.526325 0.008845 0.898694 0.042630 0.436410
0.043933 258.693443 -61.486797 380.878193 0.008004 0.903631 0.044577 0.425910
0.052931 259.466847 -61.404572 380.249635 0.007158 0.908621 0.044561 0.415176
0.050279 260.201381 -61.369276 379.571982 0.005877 0.913687 0.044391 0.403945
0.055442 260.923745 -61.310101 378.883006 0.006116 0.918585 0.044386 0.392676
0.057678 261.611854 -61.277169 378.158147 0.007478 0.923066 0.044718 0.381960
0.049872 262.286759 -61.239585 377.421199 0.009306 0.927559 0.045161 0.370821
0.042810 262.978315 -61.171604 376.702083 0.008904 0.932179 0.045392 0.359030
0.046531 263.667754 -61.088015 375.982578 0.008340 0.936678 0.045525 0.347120
0.047866 264.295347 -61.062942 375.204440 0.012034 0.940145 0.047164 0.337280
0.042478 264.954294 -60.994018 374.455416 0.012914 0.943923 0.045718 0.326730
0.044184 265.650342 -60.916463 373.741621 -0.015117 -0.947656 -0.045376 -0.315691
0.043205 266.192262 -60.900289 372.901346 -0.015234 -0.950463 -0.046236 -0.307004
0.043000 266.753098 -60.856422 372.074583 -0.016427 -0.953506 -0.045953 -0.297396
0.045468 267.233590 -60.787831 371.200270 -0.016340 -0.956395 -0.044411 -0.288219
0.042993 267.827238 -60.755322 370.396202 -0.017626 -0.959402 -0.043502 -0.278108
0.044581 268.338677 -60.680671 369.540131 -0.018576 -0.962038 -0.044428 -0.268634
0.046241 268.820412 -60.636695 368.664918 -0.017461 -0.964696 -0.045390 -0.258836
0.045053 269.294056 -60.563868 367.787218 -0.016908 -0.967074 -0.045586 -0.249807
0.045206 269.763058 -60.527842 366.904756 -0.014117 -0.969315 -0.046111 -0.241046
0.044078 270.132819 -60.396264 365.984993 -0.014670 -0.970738 -0.046103 -0.235216
0.049274 270.839267 -59.713442 365.798755 -0.018562 -0.979125 -0.011858 -0.202060
0.042807 271.265290 -59.667984 364.895185 -0.018711 -0.980177 -0.010844 -0.196938
0.044911 271.669752 -59.644676 363.980928 -0.024407 -0.980710 -0.011067 -0.193625
0.042104 272.054250 -59.683676 363.058626 -0.029038 -0.980940 -0.012893 -0.191698
0.044098 272.433910 -59.702786 362.133697 -0.032679 -0.981095 -0.014478 -0.190196
0.043337 272.836436 -59.699264 361.218295 -0.034856 -0.981348 -0.015556 -0.188411
0.044389 273.185526 -59.688469 360.281268 -0.034363 -0.981336 -0.016323 -0.188499
0.044034 273.518222 -59.689084 359.338235 -0.034123 -0.981218 -0.017029 -0.189093
0.046692 273.899552 -59.701045 358.413873 -0.031597 -0.981301 -0.018705 -0.188945
0.045223 274.260869 -59.687436 357.481529 -0.029360 -0.981478 -0.019833 -0.188272
0.045632 274.645013 -59.701911 356.558369 -0.029483 -0.981612 -0.020374 -0.187491
0.048132 275.015509 -59.679900 355.629796 -0.030312 -0.981601 -0.018596 -0.187601
0.050189 275.388555 -59.681298 354.701984 -0.032717 -0.981644 -0.018066 -0.187027
0.056708 275.836541 -59.651185 353.808451 -0.033249 -0.982286 -0.016989 -0.183628
0.056680 276.241391 -59.630593 352.894300 -0.032715 -0.982699 -0.016480 -0.181549
0.054571 276.634287 -59.621104 351.974766 -0.031343 -0.982768 -0.016853 -0.181388
0.052587 276.976419 -59.637661 351.035260 -0.031500 -0.982616 -0.018997 -0.181969
0.049148 277.384814 -59.649141 350.122526 -0.030556 -0.982884 -0.020444 -0.180519
0.050272 277.712634 -59.620891 349.178209 -0.030294 -0.982898 -0.020402 -0.180494
0.050734 278.077848 -59.626476 348.247302 -0.030347 -0.982913 -0.021057 -0.180326
0.056595 278.447635 -59.609231 347.318345 -0.029724 -0.983108 -0.020727 -0.179402
0.067118 278.810254 -59.594904 346.386518 -0.029531 -0.983191 -0.019507 -0.179119
0.086648 279.186861 -59.592745 345.460147 -0.030152 -0.983061 -0.018793 -0.179804
0.072673 279.554106 -59.586955 344.530041 -0.030506 -0.982942 -0.019503 -0.180315
0.062490 279.916174 -59.580135 343.597914 -0.030110 -0.982899 -0.019989 -0.180566
0.051013 280.295913 -59.578460 342.672822 -0.027975 -0.983020 -0.020090 -0.180236
0.051340 280.686935 -59.576066 341.752444 -0.026128 -0.983277 -0.017548 -0.179376
0.046915 281.038515 -59.568534 340.816317 -0.027372 -0.983132 -0.015095 -0.180208
0.044147 281.417328 -59.561980 339.890867 -0.027802 -0.983226 -0.013753 -0.179733
0.041998 281.793302 -59.546125 338.964372 -0.028464 -0.983234 -0.014795 -0.179506
0.043227 282.189676 -59.588217 338.047248 -0.029780 -0.983161 -0.017300 -0.179466
0.043605 282.619539 -59.564606 337.144663 -0.028721 -0.983377 -0.016942 -0.178487
0.043406 283.020934 -59.555051 336.228808 -0.026027 -0.983604 -0.016247 -0.177711
0.040288 283.394270 -59.549848 335.301126 -0.025984 -0.983613 -0.016243 -0.177669
0.044101 283.689009 -59.506966 334.346511 -0.023469 -0.983665 -0.015629 -0.177785
0.044715 284.031553 -59.472902 333.407627 -0.022691 -0.983673 -0.014586 -0.177933
0.042620 284.381202 -59.480317 332.470776 -0.023172 -0.983679 -0.014649 -0.177832
0.042663 284.724068 -59.490276 331.531444 -0.022983 -0.983724 -0.014538 -0.177617
0.046506 285.105667 -59.499168 330.607159 -0.024303 -0.983712 -0.014717 -0.177494
0.046158 285.455302 -59.501079 329.670275 -0.024589 -0.983812 -0.015318 -0.176848
0.043833 285.825269 -59.482121 328.741423 -0.021779 -0.983904 -0.015308 -0.176705
0.042694 286.167407 -59.497935 327.801907 -0.021609 -0.983890 -0.015132 -0.176818
0.042682 286.513440 -59.480358 326.863849 -0.019658 -0.983931 -0.012480 -0.177026
0.043475 286.856855 -59.463790 325.924811 -0.017442 -0.983953 -0.011315 -0.177212
0.042580 287.213883 -59.470854 324.990745 -0.014776 -0.984054 -0.011007 -0.176912
0.045803 287.548226 -59.455338 324.048421 -0.015122 -0.983929 -0.009651 -0.177659
0.042407 287.904174 -59.463200 323.113948 -0.015587 -0.983893 -0.009311 -0.177833
0.040871 288.267323 -59.472729 322.182266 -0.018219 -0.983818 -0.009963 -0.177961
0.041933 288.633692 -59.486164 321.251893 -0.020261 -0.983735 -0.010829 -0.178153
0.045045 288.995207 -59.494750 320.319566 -0.020831 -0.983712 -0.011443 -0.178175
0.045356 289.379818 -59.531119 319.397204 -0.019367 -0.983903 -0.012692 -0.177195
0.042438 289.717254 -59.543023 318.455931 -0.019447 -0.983832 -0.012990 -0.177558
0.045333 290.080126 -59.551324 317.524129 -0.017849 -0.983904 -0.012399 -0.177369
0.047164 290.434055 -59.552111 316.588857 -0.018283 -0.984015 -0.011158 -0.176791
0.041215 290.773890 -59.570855 315.648559 -0.020254 -0.983818 -0.011963 -0.177619
0.045477 291.085650 -59.575426 314.698409 -0.022237 -0.983612 -0.011439 -0.178553
0.046770 291.467110 -59.593260 313.774196 -0.021920 -0.983624 -0.011559 -0.178521
0.045750 291.827380 -59.618534 312.841690 -0.020375 -0.983434 -0.014284 -0.179553
0.042150 292.220280 -59.620411 311.922111 -0.019072 -0.983426 -0.016790 -0.179523
0.045760 292.586917 -59.621068 310.991747 -0.016531 -0.983324 -0.015936 -0.180409
0.043914 293.009267 -59.574372 310.086517 -0.014693 -0.983335 -0.013551 -0.180703
0.043042 293.339898 -59.575305 309.142758 -0.016325 -0.982848 -0.012302 -0.183278
0.042565 293.719276 -59.575892 308.217517 -0.015524 -0.982764 -0.010803 -0.183893
0.041389 294.087814 -59.579963 307.287913 -0.013714 -0.982759 -0.010032 -0.184111
0.041729 294.461679 -59.573323 306.360453 -0.012647 -0.982748 -0.010529 -0.184213
0.041776 294.833049 -59.594071 305.432200 -0.011823 -0.982799 -0.012098 -0.183901
0.046076 295.238045 -59.585950 304.517918 -0.010648 -0.982851 -0.011711 -0.183720
0.043242 295.635074 -59.583320 303.600115 -0.009212 -0.983087 -0.010764 -0.182592
0.050916 296.010575 -59.587181 302.673301 -0.009968 -0.983407 -0.009806 -0.180875
0.052629 296.331166 -59.572650 301.726195 -0.009185 -0.983407 -0.008501 -0.180979
0.050884 296.754028 -59.537852 300.820669 -0.008482 -0.983782 -0.007387 -0.179015
0.047390 297.103428 -59.545693 299.883728 -0.009101 -0.984044 -0.007910 -0.177514
0.045987 297.468211 -59.537287 298.952674 -0.010189 -0.984218 -0.008276 -0.176470
0.045947 297.801883 -59.548962 298.010057 -0.010175 -0.984385 -0.009301 -0.175489
0.046987 298.212552 -59.500139 297.099581 -0.010465 -0.984744 -0.008388 -0.173490
0.045364 298.615184 -59.511713 296.184292 -0.011222 -0.985131 -0.008056 -0.171250
0.047800 298.957753 -59.565404 295.246334 -0.016103 -0.985194 -0.007491 -0.170521
0.042003 299.261109 -59.585917 294.293678 -0.016744 -0.985333 -0.007268 -0.169665
0.045066 299.638216 -59.611465 293.367861 -0.016387 -0.985698 -0.007179 -0.167571
0.042943 299.963989 -59.621448 292.422465 -0.014230 -0.985971 -0.007813 -0.166123
0.045231 300.316067 -59.611101 291.486552 -0.011866 -0.986213 -0.007638 -0.164878
0.043128 300.591842 -59.574547 290.526025 -0.008834 -0.986463 -0.006505 -0.163618
0.043090 300.890160 -59.568579 289.571577 -0.008501 -0.986454 -0.005732 -0.163717
0.043975 301.132739 -59.531630 288.602149 -0.008210 -0.986290 -0.005092 -0.164738
0.042391 301.424220 -59.528528 287.645578 -0.008604 -0.986342 -0.005187 -0.164401
0.043027 301.681215 -59.515055 286.679259 -0.007219 -0.986023 -0.004395 -0.166394
0.050006 302.301310 -59.530055 285.894875 -0.007187 -0.987774 -0.003544 -0.155687
0.044241 302.612293 -59.539067 284.944503 -0.003286 -0.987838 -0.002710 -0.155429
0.046940 302.909659 -59.594731 283.991363 -0.003527 -0.987757 -0.003475 -0.155922
0.046392 302.102719 -59.593829 283.400730 -0.000870 -0.978363 -0.003135 -0.206869
0.050278 302.598976 -59.597315 282.532561 -0.001770 0.978451 0.002458 0.206455
0.047835 302.998194 -59.616701 281.615910 -0.003175 0.978068 0.002039 0.208253
0.062871 303.379045 -59.614962 280.691275 -0.003372 0.977143 0.000832 0.212552
0.059659 303.887121 -59.719466 279.836326 -0.002289 0.976489 0.002993 0.215535
0.053541 304.297369 -59.723168 278.924360 -0.002203 0.975111 0.002153 0.221697
0.059067 304.682969 -59.713520 278.001744 -0.003011 0.973163 0.000580 0.230095
0.056296 305.127859 -59.727456 277.106267 -0.002872 0.971313 0.000056 0.237787
0.059030 305.576644 -59.722395 276.212642 0.004182 -0.969184 0.002023 -0.246295
0.053351 305.483470 -59.839758 275.223934 -0.008559 0.961925 -0.000721 0.273177
0.050514 305.979726 -59.894688 274.357497 -0.009392 0.959042 -0.001279 0.283105
0.046351 306.598034 -59.922843 273.572065 0.009192 -0.956480 0.002803 -0.291640
0.042630 307.218875 -59.950011 272.788600 0.011018 -0.953918 0.003520 -0.299846
0.048641 307.856142 -60.006245 272.020011 -0.010396 0.951402 -0.002611 0.307765
0.043655 308.489222 -60.014631 271.245970 -0.011375 0.948305 -0.002793 0.317144
0.051730 309.111698 -60.008627 270.463354 -0.011780 0.944956 -0.002620 0.326974
0.045935 309.700508 -59.955661 269.656820 -0.014162 0.941146 -0.002925 0.337690
0.043395 310.417705 -59.973195 268.960170 -0.016014 0.938244 -0.002399 0.345596
0.042412 311.110038 -59.927454 268.240043 -0.019897 0.934879 -0.004312 0.354382
0.043949 311.809626 -59.982408 267.527613 -0.020485 0.931289 -0.003957 0.363682
0.041920 312.503719 -59.974860 266.807767 -0.022306 0.927341 -0.005125 0.373516
0.041645 313.224482 -59.983693 266.114642 -0.024116 0.923516 -0.005754 0.382758
0.040665 313.913569 -59.977379 265.389991 -0.024582 0.919401 -0.006135 0.392505
0.041547 314.631512 -60.003791 264.694390 -0.023811 0.914442 -0.005839 0.403974
0.041492 315.412734 -59.964580 264.071369 -0.022293 0.909449 -0.009084 0.415119
0.048198 316.165324 -60.029816 263.416120 -0.020575 0.903662 -0.009405 0.427647
0.040675 316.996825 -60.027176 262.860602 0.019097 -0.897837 0.009951 -0.439800
0.042579 317.804782 -60.088196 262.274529 -0.019666 0.891633 -0.009684 0.452229
0.043173 318.614608 -60.082453 261.687888 -0.021066 0.885429 -0.010944 0.464168
0.042982 319.464242 -60.078163 261.160532 -0.021458 0.878666 -0.011092 0.476825
0.043773 320.371033 -60.050661 260.739849 -0.023392 0.872266 -0.012548 0.488312
0.042753 321.221350 -60.072587 260.214036 -0.025520 0.864277 -0.011003 0.502248
0.042452 322.117703 -60.089359 259.771011 -0.028195 0.856771 -0.011338 0.514801
0.043522 323.024038 -60.101935 259.348638 -0.031495 0.848696 -0.013931 0.527758
0.043993 323.966912 -60.093459 259.015596 -0.033177 0.841626 -0.015911 0.538806
0.044149 324.916476 -60.121736 258.703303 -0.034803 0.834681 -0.018635 0.549317
0.043614 325.875714 -60.157938 258.423029 -0.036657 0.827911 -0.020065 0.559300
0.043525 326.839292 -60.158062 258.155604 -0.037818 0.820757 -0.022464 0.569582
0.043700 327.796324 -60.183033 257.866699 -0.039118 0.812634 -0.020826 0.581086
0.043454 328.743921 -60.222410 257.549665 -0.041082 0.804120 -0.020019 0.592708
0.042095 329.708497 -60.236436 257.286234 -0.042163 0.795591 -0.019313 0.604057
0.045443 330.680371 -60.233751 257.050748 -0.041983 0.786169 -0.019965 0.616261
0.041867 331.666961 -60.198841 256.891305 -0.040498 0.778560 -0.020448 0.625928
0.042706 332.648675 -60.226210 256.702921 -0.041826 0.769956 -0.020607 0.636391
0.047222 333.638562 -60.235791 256.561390 -0.044441 0.761866 -0.019082 0.645927
0.044070 334.632696 -60.207678 256.456954 -0.046954 0.754142 -0.019335 0.654745
0.046695 335.627329 -60.179178 256.357488 -0.049541 0.746445 -0.018761 0.663335
0.042181 336.622091 -60.153015 256.258672 -0.049157 0.738447 -0.016716 0.672309
0.043104 337.621652 -60.135913 256.282842 -0.050918 0.731680 -0.017791 0.679511
0.043834 338.621154 -60.109269 256.265906 -0.051189 0.724866 -0.017031 0.686774
0.041922 339.620780 -60.084370 256.254574 -0.052761 0.718059 -0.017709 0.693754
0.042834 340.619919 -60.043297 256.248703 -0.054954 0.711492 -0.019976 0.700257
0.043674 341.619328 -60.020415 256.274358 -0.055290 0.705855 -0.019836 0.705916
0.044971 342.617748 -59.990509 256.321929 -0.056621 0.701102 -0.020888 0.710502
0.048067 343.616469 -59.943376 256.340200 -0.058351 0.695701 -0.023119 0.715584
0.048454 344.615986 -59.919173 256.359702 -0.058089 0.690511 -0.022797 0.720625
0.050476 345.613899 -59.884893 256.414427 -0.057629 0.685757 -0.022213 0.725206
0.046789 346.612022 -59.859756 256.470270 -0.056829 0.680997 -0.023608 0.729696
0.047544 347.608818 -59.840877 256.547989 -0.055763 0.676957 -0.023953 0.733516
0.050792 348.603679 -59.825266 256.648033 -0.057226 0.673367 -0.025014 0.736665
0.049985 349.598426 -59.788863 256.743700 -0.056932 0.671175 -0.024351 0.738708
0.049083 350.594193 -59.762997 256.831908 -0.057747 0.669087 -0.024748 0.740523
0.047318 351.586713 -59.722277 256.946998 -0.058084 0.668242 -0.023877 0.741289
0.047205 352.577882 -59.695030 257.076770 -0.059816 0.667062 -0.024690 0.742187
0.051919 353.573111 -59.654378 257.165469 -0.059039 0.665499 -0.023632 0.743684
0.049942 354.565744 -59.590252 257.268269 -0.059313 0.664157 -0.025425 0.744803
0.050408 355.558613 -59.547430 257.379523 -0.059158 0.662973 -0.027384 0.745800
0.045883 356.551667 -59.519125 257.493722 -0.057447 0.661646 -0.027044 0.747123
0.045227 357.542338 -59.491541 257.627176 -0.056094 0.661257 -0.027485 0.747554
0.043883 358.539979 -59.481008 257.695016 -0.055296 0.660359 -0.026640 0.748437
0.046010 359.522411 -59.447000 257.878509 -0.055854 0.661516 -0.027065 0.747358
0.046165 360.517370 -59.420630 257.975262 -0.057270 0.662253 -0.026994 0.746600
0.044758 361.511351 -59.394474 258.081649 -0.057031 0.663357 -0.025840 0.745679
0.043789 362.500772 -59.379506 258.225947 -0.059566 0.665326 -0.026021 0.743717
0.044209 363.498308 -59.344574 258.286791 -0.058998 0.667576 -0.025562 0.741760
0.044293 364.490133 -59.299942 258.406341 -0.058823 0.670664 -0.027161 0.738926
0.043522 365.486075 -59.257151 258.485504 -0.056352 0.673401 -0.028364 0.736581
0.043705 366.481554 -59.226688 258.575468 -0.055951 0.677525 -0.029564 0.732772
0.040475 367.478783 -59.216946 258.649219 -0.054685 0.682366 -0.029782 0.728353
0.041091 368.474802 -59.249544 258.732195 -0.052576 0.687061 -0.028178 0.724148
0.040972 369.467781 -59.297794 258.840196 -0.051509 0.692702 -0.027515 0.718856
0.040097 370.466767 -59.312519 258.882751 -0.050846 0.697840 -0.027287 0.713925
0.040892 371.466575 -59.296807 258.894459 -0.049646 0.703326 -0.027133 0.708613
0.040820 372.466543 -59.304093 258.891186 -0.045238 0.708786 -0.026869 0.703459
0.041634 373.465823 -59.341860 258.894795 -0.041471 0.714586 -0.028431 0.697738
0.041688 374.462837 -59.358000 258.819280 -0.034388 0.718806 -0.031232 0.693657
0.041453 375.461643 -59.397747 258.847684 -0.032115 0.724979 -0.037794 0.686983
0.039993 376.461164 -59.409496 258.819050 -0.029519 0.731493 -0.042052 0.679910
0.041558 377.442110 -59.433795 258.626298 -0.026384 0.737027 -0.041690 0.674060
0.039980 378.436736 -59.532494 258.595012 -0.029566 0.745924 -0.043745 0.663935
0.041910 379.427441 -59.594101 258.473739 -0.029739 0.755468 -0.042538 0.653126
0.041795 380.420298 -59.690513 258.403455 -0.030012 0.767004 -0.039233 0.639739
0.042439 381.411683 -59.740495 258.282387 -0.029306 0.778919 -0.037349 0.625325
0.041719 382.371392 -59.823840 258.014034 -0.027336 0.790121 -0.037097 0.611216
0.042976 383.363053 -59.866486 257.892428 -0.021946 0.803427 -0.038440 0.593756
0.041947 384.285674 -59.927851 257.511631 -0.016118 0.814124 -0.040868 0.579026
0.041836 385.138052 -60.064113 257.006770 -0.013419 0.823853 -0.043323 0.564986
0.041750 386.003420 -60.172830 256.517569 -0.010875 0.833905 -0.044623 0.549994
0.045496 386.859269 -60.282467 256.012096 -0.008921 0.844054 -0.042966 0.534459
0.045588 387.769443 -60.378696 255.609203 -0.009861 0.855706 -0.041276 0.515719
0.040282 388.602893 -60.521924 255.075491 -0.012797 0.866051 -0.038350 0.498319
0.040976 389.425750 -60.601932 254.512904 -0.011865 0.876222 -0.036428 0.480382
0.043193 390.291869 -60.687655 254.020472 -0.008011 0.887233 -0.033990 0.459998
0.042196 391.048867 -60.822990 253.381223 -0.008053 0.896669 -0.033536 0.441356
0.041045 391.896648 -60.895557 252.855866 -0.006643 0.906652 -0.034754 0.420393
0.042130 392.631660 -60.968795 252.181778 -0.002314 0.914797 -0.034786 0.402406
0.040596 393.300227 -61.057620 251.443450 0.002455 0.921646 -0.034293 0.386506
0.045135 393.939132 -61.064569 250.674196 0.006257 0.927398 -0.035139 0.372371
0.043666 394.550443 -61.114484 249.884382 0.007001 0.932442 -0.034565 0.359595
0.044182 395.038318 -61.240466 249.020607 0.006467 0.936266 -0.032586 0.349719
0.045314 395.506418 -61.228843 248.137008 0.009434 0.938942 -0.032663 0.342392
0.046296 396.121755 -61.362174 247.360102 0.011081 0.942153 -0.031156 0.333547
0.044021 396.719519 -61.423611 246.560787 0.011907 0.945032 -0.031376 0.325250
0.044228 397.359764 -61.519790 245.798661 0.014237 0.948217 -0.030582 0.315827
0.046614 398.073860 -61.625266 245.106605 0.014405 0.951885 -0.029816 0.304661
0.048963 398.738839 -61.716967 244.365394 0.016953 0.955385 -0.028873 0.293461
0.045482 399.332861 -61.802426 243.565498 0.017673 0.958584 -0.028498 0.282829
0.049841 399.416835 -61.919167 242.575892 0.015310 0.960469 -0.028156 0.276537
0.050040 399.804993 -62.079709 241.668390 0.014947 0.963427 -0.027537 0.266133
0.048446 400.326603 -62.094811 240.815340 0.017847 0.966696 -0.028824 0.253672
0.046094 400.766266 -62.239670 239.928936 0.018974 0.970082 -0.029025 0.240290
0.046967 401.244142 -62.357139 239.058398 0.018063 0.974095 -0.028960 0.223547
0.046000 401.441190 -62.470950 238.084632 0.017897 0.977446 -0.027454 0.208627
0.045192 401.631053 -62.512412 237.103698 0.019275 0.980940 -0.025343 0.191682
0.045020 402.043794 -62.631855 236.200714 0.022006 0.984939 -0.022716 0.169987
0.044183 402.224202 -62.738606 235.222933 0.023176 0.987957 -0.022009 0.151389
0.043838 402.447818 -62.816248 234.251353 0.024563 0.990819 -0.022201 0.131077
0.043648 402.529552 -62.897620 233.258026 0.025539 0.993157 -0.021551 0.111903
0.043983 402.825080 -62.921349 232.302986 0.029776 0.995280 -0.021478 0.089835
0.045672 402.576002 -62.984211 231.336545 0.030947 0.996695 -0.020045 0.072385
0.043075 402.620505 -63.103197 230.344647 0.032488 0.997954 -0.017471 0.052221
0.042750 402.729487 -63.159667 229.352209 0.034661 0.998769 -0.016326 0.031514
0.043648 402.870561 -63.156073 228.362216 0.036186 0.999138 -0.017157 0.010915
0.046542 402.722874 -63.175254 227.373368 0.037997 0.999097 -0.018428 -0.004615
0.042583 402.805172 -63.286635 226.383004 0.040524 0.998738 -0.018790 -0.022950
0.044955 402.854270 -63.504272 225.408209 0.040674 0.998219 -0.017040 -0.040165
0.046253 402.597476 -63.526637 224.442002 0.043247 0.997534 -0.017227 -0.052533
0.043704 403.251704 -63.847256 223.757029 0.045559 0.995598 -0.011439 -0.081109
0.046595 403.063021 -63.960092 222.781495 0.045463 0.994345 -0.009305 -0.095523
0.045345 402.854390 -63.888989 221.806088 0.049405 0.992720 -0.010161 -0.109375
0.046819 402.694944 -63.934328 220.819923 0.049223 0.990808 -0.008705 -0.125704
0.046148 402.479852 -64.075188 219.853541 -0.050258 -0.988585 0.005605 0.141923
0.046766 402.054403 -64.147550 218.951457 -0.048856 -0.986573 0.004075 0.155791
0.045393 402.072974 -64.190002 217.952531 -0.051536 -0.982938 0.005884 0.176474
0.043410 401.678949 -64.184346 217.033448 -0.052097 -0.979814 0.007426 0.192863
0.043564 401.284576 -64.190530 216.114519 -0.054194 -0.976312 0.007693 0.209329
0.044261 400.779392 -64.181713 215.251552 -0.056168 -0.972813 0.005562 0.224607
0.045086 400.357205 -64.253344 214.347878 -0.058582 -0.968504 0.001492 0.242004
0.046056 399.869725 -64.251474 213.474746 -0.057882 -0.964370 -0.000042 0.258146
0.044700 399.520769 -64.318963 212.540040 -0.059237 -0.959140 -0.000939 0.276661
0.042786 399.095929 -64.273396 211.635919 -0.060103 -0.953963 0.000882 0.293838
0.043615 398.650214 -64.292257 210.740943 -0.060308 -0.948029 0.000834 0.312414
0.050599 398.054629 -64.256588 209.938443 -0.061134 -0.942572 0.001040 0.328360
0.049060 397.511231 -64.233786 209.099278 -0.062314 -0.937033 0.001382 0.343635
0.004000 0.000000 0.000000 0.000000 -0.000000 0.000000 -0.000000 1.000000
0.212360 -0.245564 -0.007362 0.969352 -0.000519 0.008645 0.001180 0.999962
0.051335 -0.879338 0.682667 1.318910 0.016680 0.025099 0.000118 0.999546
0.043930 -0.449236 0.657221 2.221331 0.018339 0.023463 0.002695 0.999553
0.041174 -0.372487 0.649403 3.218351 0.019610 0.024891 0.002969 0.999493
0.042870 -0.154419 0.467007 4.177089 0.018567 0.019216 0.002852 0.999639
0.041450 -0.789977 0.904011 4.813559 0.030504 0.025331 0.004241 0.999205
0.041462 -0.898303 0.798476 5.802057 0.029980 0.019118 0.003665 0.999361
0.041111 -0.599845 0.698556 6.751235 0.029557 0.005570 0.001205 0.999547
0.041243 -0.423429 0.545894 7.723640 0.029798 -0.008805 -0.001712 0.999516
0.038670 -0.670392 0.479077 8.690359 0.029839 -0.016701 -0.002280 0.999413
0.039188 -0.731861 0.390794 9.684556 0.029243 -0.026741 -0.001765 0.999213
0.038864 -0.775808 0.382996 10.683559 0.029551 -0.036964 -0.001763 0.998878
0.041205 -0.957278 0.310844 11.664305 0.028935 -0.044237 -0.002676 0.998598
0.042404 -1.268819 0.279072 12.614007 0.027968 -0.051875 -0.001005 0.998261
0.039764 -1.412540 0.233930 13.602595 0.027928 -0.059363 -0.000411 0.997846
0.041377 -1.733611 0.149608 14.545888 0.027955 -0.065063 0.000575 0.997489
0.044391 -2.075470 0.033291 15.478413 0.028520 -0.067819 0.002182 0.997288
0.040057 -2.438726 -0.035600 16.407552 0.029340 -0.071046 0.001852 0.997040
0.042893 -2.705998 -0.074696 17.370380 0.030740 -0.074930 0.002254 0.996712
0.040280 -3.011372 -0.125687 18.321246 0.032438 -0.079165 0.003724 0.996327
0.041685 -2.843471 -0.094538 19.306558 0.034402 -0.086545 0.005146 0.995641
0.041703 -3.068024 -0.176546 20.277563 0.034591 -0.089791 0.007780 0.995329
0.041374 -3.397665 -0.221946 21.220577 0.036185 -0.093688 0.008551 0.994907
0.039871 -3.749604 -0.315914 22.151871 0.038289 -0.097712 0.005985 0.994460
0.043140 -3.986203 -0.422974 23.117562 0.039845 -0.099765 0.003096 0.994208
0.046797 -4.205500 -0.459617 24.092532 0.040996 -0.105125 0.005159 0.993600
0.042921 -4.547206 -0.455872 25.032331 0.043052 -0.110471 0.008909 0.992906
0.045360 -4.483866 -0.544447 26.026385 0.044704 -0.117692 0.007459 0.992015
0.041457 -4.673381 -0.658544 27.001611 0.046873 -0.121406 0.005505 0.991480
0.040232 -4.926167 -0.782427 27.961169 0.049057 -0.125479 0.005224 0.990869
0.046606 -5.295016 -0.899525 28.883253 0.052028 -0.127368 0.005022 0.990477
0.045769 -5.616188 -0.939446 29.829432 0.057157 -0.129442 0.004080 0.989930
0.045667 -5.715486 -1.104837 30.810649 0.061343 -0.133040 0.003226 0.989205
0.052671 -5.857961 -1.218847 31.793859 0.066429 -0.135217 0.000947 0.988586
0.059561 -6.161268 -1.343306 32.738589 0.070372 -0.137226 -0.000630 0.988037
0.048013 -6.496867 -1.454773 33.673976 0.074782 -0.139382 -0.002598 0.987407
0.050782 -6.815680 -1.597315 34.611014 0.077788 -0.142249 -0.002910 0.986765
0.048181 -6.579769 -1.787620 35.563972 0.081571 -0.153828 -0.007594 0.984696
0.043513 -6.989609 -1.981686 36.455246 0.082438 -0.155521 -0.008913 0.984346
0.043478 -7.235752 -2.158351 37.408243 0.082885 -0.158933 -0.008516 0.983767
0.044569 -7.695855 -2.316828 38.281851 0.082323 -0.161146 -0.009188 0.983448
0.041477 -8.107976 -2.462187 39.181310 0.081412 -0.164161 -0.008946 0.983028
0.043262 -8.416467 -2.623081 40.118831 0.081330 -0.168273 -0.010346 0.982325
0.041565 -8.783159 -2.740360 41.041752 0.080211 -0.173206 -0.009740 0.981566
0.041979 -9.053451 -2.887223 41.993263 0.076401 -0.177612 -0.008670 0.981092
0.041795 -9.451667 -3.040006 42.897742 0.073884 -0.182524 -0.008720 0.980383
0.040342 -9.906265 -3.138890 43.782933 0.071369 -0.186907 -0.007555 0.979753
0.040535 -10.369813 -3.302974 44.653679 0.071105 -0.191033 -0.009652 0.978957
0.041125 -10.116392 -3.618369 45.568175 0.069802 -0.206540 -0.015542 0.975821
0.040760 -10.606682 -3.744045 46.430626 0.069040 -0.210441 -0.015716 0.975039
0.041813 -11.151562 -3.875265 47.258809 0.068082 -0.213842 -0.016689 0.974350
0.043133 -11.586265 -3.991842 48.151806 0.069073 -0.218663 -0.019258 0.973162
0.043210 -12.023762 -4.146283 49.037663 0.066947 -0.222732 -0.020077 0.972371
0.041835 -12.431107 -4.255497 49.944384 0.063433 -0.227669 -0.018891 0.971487
0.043926 -12.899295 -4.467853 50.802117 0.064866 -0.230384 -0.026751 0.970567
0.047506 -13.454983 -4.560912 51.628283 0.063294 -0.233913 -0.024270 0.969891
0.043616 -13.957506 -4.651476 52.488091 0.061921 -0.237565 -0.022260 0.969140
0.042268 -14.405435 -4.758726 53.375703 0.063102 -0.241556 -0.024094 0.968033
0.041175 -14.726870 -4.893814 54.312950 0.061569 -0.246105 -0.022421 0.967026
0.038454 -15.257185 -5.003455 55.153631 0.061468 -0.248394 -0.021896 0.966459
0.039397 -15.808741 -5.074356 55.984750 0.060744 -0.250958 -0.018717 0.965909
0.040452 -16.304468 -5.194272 56.844910 0.061123 -0.252368 -0.019373 0.965505
0.039380 -16.739318 -5.346890 57.732386 0.062834 -0.252937 -0.023351 0.965158
0.039923 -17.215084 -5.514864 58.595770 0.062717 -0.252280 -0.026118 0.965266
0.038784 -17.833255 -5.582003 59.378941 0.061087 -0.252442 -0.021800 0.965436
0.040442 -18.427265 -5.679776 60.177434 0.062729 -0.251375 -0.023122 0.965578
0.041814 -18.916482 -5.835798 61.035527 0.064138 -0.251634 -0.025281 0.965364
0.041394 -19.514692 -5.931364 61.831148 0.062328 -0.252467 -0.023741 0.965304
0.041107 -19.518587 -6.094948 62.817670 0.059440 -0.259192 -0.022805 0.963725
0.041304 -20.032878 -6.221606 63.665882 0.055162 -0.262369 -0.020540 0.963171
0.039957 -20.582631 -6.325081 64.494775 0.054116 -0.265505 -0.020817 0.962364
0.040272 -21.056524 -6.462570 65.364558 0.056379 -0.270830 -0.022264 0.960717
0.040287 -21.335328 -6.533282 66.322299 0.058026 -0.280807 -0.020098 0.957798
0.041374 -21.973262 -6.599886 67.089504 0.057024 -0.285840 -0.018070 0.956408
0.039996 -22.598267 -6.684741 67.865499 0.054130 -0.290629 -0.018089 0.955132
0.039755 -23.082480 -6.770781 68.736209 0.054323 -0.296289 -0.022201 0.953294
0.038953 -23.611892 -6.861080 69.579754 0.055933 -0.300078 -0.023082 0.951994
0.039895 -24.239323 -6.974076 70.350184 0.057307 -0.302885 -0.021637 0.951057
0.040279 -24.818319 -7.057939 71.161190 0.061274 -0.305509 -0.021883 0.949964
0.042005 -25.670245 -7.055248 70.637533 0.056232 -0.280114 -0.012752 0.958233
0.040273 -26.128190 -7.189381 71.516336 0.055062 -0.283404 -0.014742 0.957305
0.040032 -26.834369 -7.280532 72.218477 0.051543 -0.284757 -0.014511 0.957103
0.038787 -27.364328 -7.379066 73.060757 0.050514 -0.287942 -0.015042 0.956196
0.039207 -27.997151 -7.488081 73.827340 0.050429 -0.289284 -0.015040 0.955796
0.040691 -28.531295 -7.608777 74.664073 0.050677 -0.293595 -0.014114 0.954481
0.040977 -29.191217 -7.673925 75.412578 0.051699 -0.296325 -0.012446 0.953606
0.039815 -29.803681 -7.782354 76.195605 0.052323 -0.298357 -0.013242 0.952927
0.040402 -30.474021 -7.846397 76.934890 0.051685 -0.301327 -0.011624 0.952048
0.043011 -30.853504 -7.976042 77.850960 0.052997 -0.308738 -0.014415 0.949560
0.040107 -31.476090 -8.098641 78.623848 0.053702 -0.312322 -0.015469 0.948331
0.041584 -32.118915 -8.226834 79.379058 0.054275 -0.315226 -0.016715 0.947316
0.040277 -32.787603 -8.324988 80.116095 0.056488 -0.318673 -0.018728 0.945995
0.039215 -33.441617 -8.449992 80.862178 0.056451 -0.321964 -0.018949 0.944877
0.042999 -34.022887 -8.593029 81.663218 0.059804 -0.325964 -0.023122 0.943205
0.042629 -34.706161 -8.709830 82.383977 0.059773 -0.329573 -0.023122 0.941952
0.039984 -35.381134 -8.803518 83.115847 0.059298 -0.333795 -0.023217 0.940492
0.044915 -36.143614 -8.820484 83.762637 0.059428 -0.337672 -0.019456 0.939185
0.041492 -36.786369 -8.986541 84.510494 0.059877 -0.340629 -0.020525 0.938065
0.042335 -37.474001 -9.110996 85.225808 0.059874 -0.345093 -0.019692 0.936450
0.042345 -38.097965 -9.298430 85.984450 0.062175 -0.348244 -0.025726 0.934986
0.041656 -38.519538 -9.393557 86.886241 0.062461 -0.355788 -0.026189 0.932109
0.043375 -39.250125 -9.540574 86.219437 0.044347 -0.280607 -0.027245 0.958411
0.041496 -39.758762 -9.613153 87.077354 0.045629 -0.285616 -0.027070 0.956875
0.041412 -40.336386 -9.636844 87.893312 0.044107 -0.290398 -0.020851 0.955661
0.042233 -40.862061 -9.721760 88.739749 0.045700 -0.294516 -0.020720 0.954328
0.041421 -41.522220 -9.802813 89.486489 0.045691 -0.296854 -0.020931 0.953600
0.041214 -42.120342 -9.891777 90.282941 0.044378 -0.299938 -0.020350 0.952709
0.042277 -42.573549 -9.950990 91.172377 0.042472 -0.304218 -0.017160 0.951501
0.044532 -43.241143 -10.059168 91.909003 0.044432 -0.306686 -0.020460 0.950553
0.041375 -43.855470 -10.129545 92.694909 0.043570 -0.309935 -0.018975 0.949569
0.042950 -44.468419 -10.178371 93.483521 0.043216 -0.312821 -0.017798 0.948661
0.042623 -45.097141 -10.245294 94.258266 0.043286 -0.314643 -0.017551 0.948060
0.048384 -45.874610 -10.281244 94.886159 0.042934 -0.315382 -0.013397 0.947898
0.045316 -46.520697 -10.388695 95.641822 0.043222 -0.317132 -0.010862 0.947334
0.041161 -47.050265 -10.475956 96.485589 0.043620 -0.321466 -0.009265 0.945871
0.041521 -47.778519 -10.579073 97.163095 0.041687 -0.324285 -0.005651 0.945023
0.039473 -48.375370 -10.676203 97.959546 0.040304 -0.329383 -0.002405 0.943333
0.040531 -48.944989 -10.808950 98.770664 0.039384 -0.335424 -0.002923 0.941239
0.040247 -49.619880 -10.875747 99.505552 0.038231 -0.340347 -0.003299 0.939517
0.040398 -50.297030 -10.978252 100.234222 0.037062 -0.345469 -0.002604 0.937694
0.040526 -51.019977 -11.070490 100.918941 0.038227 -0.349869 -0.003543 0.936012
0.041034 -51.727458 -11.148602 101.621343 0.037682 -0.355563 -0.002272 0.933890
0.043892 -52.364697 -11.277170 102.381209 0.038275 -0.360971 -0.003955 0.931783
0.041149 -53.048393 -11.366341 103.105508 0.037952 -0.366454 -0.003828 0.929654
0.040878 -53.693700 -11.519351 103.853951 0.036359 -0.372626 -0.004535 0.927258
0.039963 -54.387824 -11.575816 104.571589 0.037045 -0.378438 -0.005128 0.924871
0.040544 -55.070490 -11.724649 105.287002 0.038995 -0.383898 -0.008729 0.922511
0.042787 -55.746747 -11.812429 106.018419 0.039873 -0.389977 -0.009578 0.919911
0.039910 -56.450675 -11.920068 106.720487 0.040833 -0.395485 -0.010630 0.917503
0.042190 -57.132653 -11.943388 107.451487 0.040086 -0.401596 -0.007861 0.914906
0.040509 -57.883301 -12.024004 108.107254 0.038822 -0.406643 -0.008664 0.912721
0.040351 -58.680793 -12.077075 108.708244 0.038022 -0.409693 -0.008681 0.911389
0.040480 -59.413837 -12.125919 109.386670 0.037992 -0.414012 -0.008547 0.909438
0.041040 -60.150889 -12.200254 110.058404 0.037476 -0.418809 -0.005394 0.907285
0.043765 -60.951258 -12.227512 110.657292 0.038329 -0.421730 -0.001876 0.905909
0.042538 -61.698629 -12.356696 111.309019 0.039220 -0.424231 -0.002744 0.904700
0.043459 -62.482574 -12.406966 111.927811 0.039044 -0.427763 0.000989 0.903047
0.044622 -63.192667 -12.570003 112.612784 0.038516 -0.430716 -0.000862 0.901665
0.042750 -63.964740 -12.711842 113.232287 0.036470 -0.433084 -0.003192 0.900610
0.044381 -64.667652 -12.904529 113.916967 0.033432 -0.435833 -0.006399 0.899384
0.042087 -65.390165 -12.988943 114.603152 0.031874 -0.439171 -0.005390 0.897822
0.043412 -66.046216 -13.051972 115.355232 0.030837 -0.443097 -0.005061 0.895929
0.040568 -66.777119 -13.178111 116.025954 0.028791 -0.445956 -0.006404 0.894569
0.041432 -67.665080 -13.146141 115.567147 0.027887 -0.413461 -0.003090 0.910089
0.040985 -68.501574 -13.142528 116.115111 0.027938 -0.412645 -0.000550 0.910463
0.043547 -69.241636 -13.232191 116.781646 0.026816 -0.414173 -0.000375 0.909803
0.042791 -69.985981 -13.254072 117.449082 0.025998 -0.415439 -0.000061 0.909249
0.041536 -70.802764 -13.354700 118.017184 0.024284 -0.414480 -0.000137 0.909734
0.045250 -71.597035 -13.445154 118.617977 0.023919 -0.414022 -0.001472 0.909951
0.045631 -72.408768 -13.628510 119.172477 0.022166 -0.412860 -0.003699 0.910517
0.043570 -73.227150 -13.691905 119.743643 0.022379 -0.411446 -0.003067 0.911154
0.043953 -73.825285 -13.787458 120.539322 0.023055 -0.414739 -0.004946 0.909635
0.041528 -74.819894 -13.688346 120.569842 0.027290 -0.396200 -0.002630 0.917755
0.045800 -75.539938 -13.801667 121.254455 0.027142 -0.394171 -0.003766 0.918629
0.046506 -76.424307 -13.965849 121.691416 0.025417 -0.386190 -0.003839 0.922061
0.045173 -77.060652 -14.089987 122.452767 0.024305 -0.385837 -0.004808 0.922234
0.051408 -77.997867 -14.115827 122.800560 0.024978 -0.368836 -0.002923 0.929154
0.046439 -78.811256 -14.188756 123.377691 0.024388 -0.359217 -0.003542 0.932929
0.053622 -79.358837 -14.314669 124.204916 0.023117 -0.357886 -0.006032 0.933460
0.047659 -79.806045 -14.393236 125.095889 0.022730 -0.358979 -0.007602 0.933038
0.050702 -80.249891 -14.439318 125.990806 0.024664 -0.360150 -0.008507 0.932529
0.052785 -80.741985 -14.427250 126.861264 0.029486 -0.359407 -0.009972 0.932662
0.047963 -81.572765 -14.476813 127.415653 0.031093 -0.347241 -0.007026 0.937234
0.050470 -82.115055 -14.537071 128.253682 0.031592 -0.345208 -0.007491 0.937964
0.071954 -82.609873 -14.588269 129.121169 0.032495 -0.342510 -0.009504 0.938904
0.055281 -83.442464 -14.648307 129.671793 0.031835 -0.325941 -0.009346 0.944808
0.051301 -84.253884 -14.732403 130.250175 0.030852 -0.309829 -0.009266 0.950246
0.053293 -84.852890 -14.733899 131.050918 0.033258 -0.303734 -0.010271 0.952121
0.047617 -85.561130 -14.750782 131.756688 0.035548 -0.291466 -0.010899 0.955858
0.049526 -85.693369 -14.945468 132.728599 0.031971 -0.300982 -0.010989 0.953030
0.048230 -84.973576 -15.064512 133.412504 0.025671 -0.374317 -0.023506 0.926647
0.049796 -85.720612 -15.051593 134.077162 0.025230 -0.369403 -0.029419 0.928461
0.045452 -86.425840 -15.078089 134.785647 0.024058 -0.364680 -0.029243 0.930363
0.041876 -87.089716 -15.123824 135.532090 0.024218 -0.358229 -0.031435 0.932790
0.045411 -87.819473 -15.149098 136.215329 0.025411 -0.350928 -0.031431 0.935530
0.043202 -88.446879 -15.189291 136.992983 0.026887 -0.344739 -0.033025 0.937732
0.040975 -89.060077 -15.233715 137.781663 0.026905 -0.340144 -0.033428 0.939394
0.043832 -89.685736 -15.261460 138.561266 0.026604 -0.333236 -0.035354 0.941805
0.042013 -90.168512 -15.311921 139.435554 0.025833 -0.329862 -0.035769 0.942998
0.041027 -90.758095 -15.347211 140.242491 0.025938 -0.325202 -0.035644 0.944617
0.041110 -91.371728 -15.400502 141.030282 0.026327 -0.320631 -0.036337 0.946141
0.042372 -91.959755 -15.442524 141.838031 0.026609 -0.316505 -0.036583 0.947512
0.044646 -92.553169 -15.452989 142.642861 0.026364 -0.312057 -0.037767 0.948946
0.043231 -93.025347 -15.524301 143.521474 0.025262 -0.309210 -0.039089 0.949854
0.041544 -93.627520 -15.558722 144.319098 0.025435 -0.304475 -0.038902 0.951386
0.041181 -94.275947 -15.598757 145.079322 0.025667 -0.298811 -0.038692 0.953182
0.040989 -94.831510 -15.635495 145.909984 0.026696 -0.293316 -0.040537 0.954783
0.043005 -95.423753 -15.671919 146.714920 0.025871 -0.287043 -0.041739 0.956658
0.041723 -95.943131 -15.715272 147.568363 0.024629 -0.281595 -0.042716 0.958266
0.042202 -96.424794 -15.807929 148.439808 0.024486 -0.274857 -0.044752 0.960131
0.039009 -96.915453 -15.883524 149.307874 0.025399 -0.267762 -0.045844 0.962059
0.039208 -97.390703 -15.925289 150.186733 0.026595 -0.260847 -0.045872 0.963923
0.041526 -97.817046 -15.965276 151.090411 0.026716 -0.254143 -0.045266 0.965737
0.039131 -98.330383 -16.008738 151.947496 0.026799 -0.246646 -0.045628 0.967660
0.039288 -98.768740 -16.020019 152.846227 0.026216 -0.238641 -0.046773 0.969626
0.039268 -99.283452 -16.037052 153.703421 0.025752 -0.229588 -0.047112 0.971806
0.037877 -99.770903 -16.112853 154.573274 0.024179 -0.221679 -0.047161 0.973678
0.037586 -100.363265 -16.132109 155.378716 0.023803 -0.212908 -0.046969 0.975652
0.039945 -100.774696 -16.162535 156.289649 0.023141 -0.206550 -0.044902 0.977131
0.040219 -101.533116 -16.162693 156.941416 0.024015 -0.192443 -0.045608 0.979953
0.038354 -101.881529 -16.208329 157.877645 0.024294 -0.185864 -0.045340 0.981228
0.039199 -102.877362 -16.298651 157.865079 0.021572 -0.162253 -0.045191 0.985478
0.037365 -103.270714 -16.316153 158.784301 0.022092 -0.155547 -0.044987 0.986556
0.038671 -103.676187 -16.345176 159.697947 0.022552 -0.148191 -0.044458 0.987701
0.039372 -103.882883 -16.387930 160.675418 0.023292 -0.143575 -0.042732 0.988442
0.037874 -104.301677 -16.431537 161.582452 0.024023 -0.137456 -0.042954 0.989284
0.039258 -104.625521 -16.430220 162.528561 0.024686 -0.133177 -0.042295 0.989882
0.038497 -104.943864 -16.460237 163.476061 0.023551 -0.128935 -0.042497 0.990462
0.038313 -105.248565 -16.518315 164.426737 0.021701 -0.124322 -0.043661 0.991043
0.039491 -105.433584 -16.502920 165.409351 0.021040 -0.120537 -0.043146 0.991548
0.040725 -105.638226 -16.516901 166.388088 0.020405 -0.117590 -0.043461 0.991901
0.038837 -106.109197 -16.533307 167.270085 0.020042 -0.108646 -0.044473 0.992883
0.038626 -106.247087 -16.490490 168.259606 0.019286 -0.105767 -0.042897 0.993278
0.036588 -106.459536 -16.571807 169.233389 0.018201 -0.101750 -0.043620 0.993687
0.037648 -106.641589 -16.624924 170.215242 0.017636 -0.097476 -0.044267 0.994096
0.037036 -106.867240 -16.674457 171.188190 0.017803 -0.092509 -0.044333 0.994565
0.038797 -107.072586 -16.750950 172.163886 0.017993 -0.087689 -0.043993 0.995013
0.038631 -107.384759 -16.796091 173.112838 0.019110 -0.080766 -0.043704 0.995591
0.038524 -107.516216 -16.789682 174.104139 0.021073 -0.075321 -0.041396 0.996077
0.038281 -107.611318 -16.836250 175.098517 0.021801 -0.069308 -0.042261 0.996461
0.038464 -107.724172 -16.897329 176.090249 0.021503 -0.060551 -0.044478 0.996942
0.038197 -107.804232 -16.931356 177.086458 0.021015 -0.051495 -0.045521 0.997414
0.040839 -108.622908 -16.754662 177.632855 0.023527 -0.028814 -0.045968 0.998250
0.038570 -108.490942 -16.926366 178.609125 0.023026 -0.017980 -0.047355 0.998451
0.038280 -108.562602 -17.014700 179.602635 0.022344 -0.006890 -0.049092 0.998521
0.037218 -108.560619 -17.090987 180.599719 0.020995 0.004267 -0.049743 0.998532
0.037586 -108.648114 -17.138582 181.594746 0.019793 0.017384 -0.051401 0.998331
0.040550 -108.316288 -17.312013 182.522008 0.017623 0.027005 -0.051714 0.998141
0.038421 -108.253780 -17.375234 183.518048 0.016326 0.038058 -0.052711 0.997751
0.039213 -107.428048 -17.669680 183.999158 0.009628 0.020606 -0.056236 0.998158
0.036540 -107.348675 -17.732557 184.994018 0.010539 0.031236 -0.056269 0.997871
0.038695 -108.262190 -17.633810 185.388656 0.013330 0.064701 -0.052977 0.996408
0.041176 -109.203400 -17.358413 185.584312 0.021340 0.111043 -0.049359 0.992360
0.039547 -108.933525 -17.432233 186.544373 0.020558 0.120281 -0.048805 0.991326
0.037371 -108.615933 -17.514495 187.489026 0.020150 0.129276 -0.049403 0.990172
0.037357 -108.502991 -17.524744 188.482575 0.020916 0.139964 -0.049417 0.988701
0.036983 -108.157868 -17.588764 189.418946 0.021009 0.149444 -0.049194 0.987322
0.036966 -107.878672 -17.649669 190.377247 0.021322 0.159520 -0.048996 0.985748
0.038277 -107.489334 -17.777430 191.289438 0.021586 0.169525 -0.049702 0.984035
0.037683 -106.999931 -17.935008 192.147141 0.022451 0.178104 -0.049900 0.982489
0.036122 -106.695101 -18.027753 193.095021 0.023616 0.186790 -0.050080 0.980838
0.036396 -106.400096 -18.226766 194.029562 0.023976 0.197992 -0.050419 0.978612
0.037175 -105.969576 -18.384417 194.918268 0.025057 0.206674 -0.050621 0.976778
0.036295 -105.553341 -18.505550 195.819420 0.027307 0.215826 -0.051156 0.974709
0.037224 -105.007847 -18.715148 196.630903 0.030146 0.223197 -0.051656 0.972937
0.038549 -104.558395 -18.775584 197.522161 0.033085 0.231338 -0.052447 0.970895
0.036566 -104.160197 -18.922571 198.427607 0.034732 0.239908 -0.053209 0.968714
0.037514 -103.541679 -19.152339 199.179034 0.034994 0.247873 -0.054683 0.966615
0.035228 -103.055718 -19.289839 200.042131 0.034794 0.256587 -0.054666 0.964346
0.037217 -102.736446 -19.472311 200.972060 0.034622 0.266697 -0.054581 0.961611
0.037573 -102.616327 -19.443595 201.964404 0.038706 0.278314 -0.054277 0.958174
0.038938 -102.009249 -19.669327 202.726311 0.039886 0.285734 -0.054968 0.955899
0.037304 -101.569661 -19.759487 203.619974 0.040845 0.294719 -0.054653 0.953145
0.036746 -101.231736 -19.910568 204.548942 0.040541 0.304691 -0.055331 0.949978
0.036055 -100.646573 -20.063574 205.345292 0.041780 0.312872 -0.056306 0.947204
0.037569 -100.070554 -20.308359 206.125217 0.043313 0.321455 -0.055597 0.944299
0.037855 -99.523803 -20.363270 206.960709 0.044917 0.331189 -0.056589 0.940794
0.036628 -98.868679 -20.492475 207.705101 0.048153 0.338842 -0.055972 0.937942
0.037809 -98.285799 -20.678682 208.496036 0.050547 0.348580 -0.056516 0.934207
0.035715 -97.621448 -20.857027 209.221867 0.051530 0.358827 -0.057411 0.930210
0.036967 -96.904297 -20.976032 209.908549 0.051960 0.369722 -0.057899 0.925880
0.038457 -96.764619 -21.140292 210.885027 0.052569 0.388311 -0.058071 0.918193
0.036618 -96.039663 -21.271608 211.561189 0.054095 0.400990 -0.059577 0.912541
0.039472 -95.348766 -21.391465 212.274137 0.056012 0.413950 -0.060651 0.906548
0.036470 -94.615693 -21.564920 212.931798 0.057661 0.426015 -0.059714 0.900900
0.037469 -93.945843 -21.594257 213.673714 0.059659 0.439227 -0.060952 0.894319
0.038302 -93.119940 -21.827095 214.187203 0.061984 0.449755 -0.060055 0.888972
0.038621 -92.237311 -22.241976 213.966205 0.059258 0.449868 -0.058782 0.889186
0.036690 -91.497739 -22.305171 214.636309 0.062193 0.462085 -0.059608 0.882642
0.037561 -90.630275 -22.508466 215.090377 0.062777 0.472030 -0.060357 0.877270
0.038200 -89.775332 -22.702457 215.571459 0.064111 0.482232 -0.059259 0.871682
0.038889 -88.868236 -22.952049 215.910400 0.064774 0.489590 -0.058296 0.867587
0.038726 -87.969052 -23.205006 216.267445 0.065993 0.496467 -0.056891 0.863672
0.038368 -87.039478 -23.442116 216.549703 0.067240 0.503262 -0.056403 0.859665
0.040489 -86.112135 -23.705227 216.815800 0.067977 0.509703 -0.056781 0.855779
0.038710 -85.236354 -23.871433 217.268993 0.068856 0.517830 -0.057526 0.850765
0.040009 -84.335687 -24.039215 217.669802 0.068307 0.525635 -0.058038 0.845975
0.039574 -83.672517 -24.158925 218.408636 0.069629 0.539896 -0.057542 0.836871
0.038752 -82.952811 -24.287296 219.090944 0.069978 0.553978 -0.057683 0.827577
0.037887 -82.585447 -24.236703 220.019644 0.075545 0.580989 -0.058587 0.808277
0.039918 -81.666081 -24.381891 220.385277 0.073987 0.590368 -0.060272 0.801473
0.039845 -80.708692 -24.529235 220.633661 0.074220 0.598396 -0.061792 0.795359
0.040696 -79.779196 -24.817129 220.864212 0.073152 0.606504 -0.063089 0.789190
0.038852 -78.845363 -25.090514 221.094903 0.070544 0.615332 -0.063699 0.782517
0.038550 -77.905493 -25.366022 221.296740 0.067512 0.624490 -0.063520 0.775512
0.037630 -76.963228 -25.595685 221.540446 0.066854 0.634044 -0.061907 0.767911
0.038481 -76.029466 -25.871451 221.768570 0.065337 0.643851 -0.060374 0.759962
0.039025 -75.070105 -26.016356 222.010704 0.068220 0.653068 -0.057931 0.751992
0.041949 -74.914720 -26.136932 222.991172 0.070652 0.692318 -0.050566 0.716343
0.043111 -73.933482 -26.328702 223.011126 0.069876 0.700758 -0.050530 0.708169
0.045912 -72.940725 -26.415637 223.094044 0.074463 0.708562 -0.048609 0.700023
0.042525 -71.951806 -26.524546 222.993159 0.076462 0.715545 -0.047819 0.692721
0.041156 -70.995551 -26.806505 222.915218 0.074566 0.723037 -0.046479 0.685198
0.040143 -70.047620 -27.112578 223.003227 0.072495 0.732060 -0.045593 0.675835
0.040426 -69.067019 -27.279044 222.899729 0.074281 0.738700 -0.047000 0.668278
0.038032 -68.075504 -27.405951 222.871587 0.077957 0.745536 -0.050469 0.659963
0.038290 -67.117903 -27.592935 222.652413 0.078333 0.751487 -0.054637 0.652799
0.037588 -66.172517 -27.844819 222.445529 0.076675 0.757918 -0.056774 0.645336
0.039415 -65.220241 -28.038580 222.209678 0.075657 0.763859 -0.057791 0.638323
0.039090 -64.259859 -28.283794 222.077253 0.073073 0.770838 -0.058100 0.630153
0.038507 -63.295295 -28.462112 221.882782 0.072238 0.776861 -0.058636 0.622760
0.038489 -62.350738 -28.693879 221.650195 0.070325 0.782915 -0.058047 0.615410
0.040587 -61.403622 -28.872385 221.383536 0.069858 0.788384 -0.058589 0.608389
0.038489 -60.450746 -29.057478 221.143186 0.070353 0.794002 -0.058731 0.600968
0.041556 -59.519444 -29.239407 220.827627 0.069128 0.799534 -0.061219 0.593481
0.040972 -58.561460 -29.406716 220.594658 0.070502 0.805092 -0.061445 0.585731
0.038336 -57.637927 -29.615184 220.272745 0.069341 0.809533 -0.059975 0.579872
0.041503 -56.709769 -29.852629 219.986138 0.068068 0.814477 -0.057788 0.573285
0.041338 -55.787916 -30.090036 219.679831 0.067860 0.818420 -0.054091 0.568029
